review_priority,evidence_class,canonical_name,family,n_works,n_title_matches,n_context_matches,max_score,total_score,best_title,best_doi,best_openalex_id,best_match_evidence,followup_evidence_count,followup_direct_count,followup_natural_count,followup_artificial_count,natural_signal_count,artificial_signal_count,colour_change_signal_count,review_status,review_reason
P0,natural_polymorphism,Dactylorhiza sambucina,Orchidaceae,16,12,7,39,362,"Monitoring of Dactylorhiza sambucina (L.) Soó (Orchidaceae)—Variation in Flowering, Flower Colour Morph Frequencies, and Erratic Population Census Trends",10.3390/d15020179,https://openalex.org/W4318475531,"Central questions of reproductive research on Dactylorhiza sambucina (Orchidaceae) are, if and how pollinator-mediated negative frequency dependent selection might maintain its flower colour polymorphism. As this hypothesis was based on artificial populations, it needs to be verified und",0,0,0,0,4,0,0,unreviewed,known_positive_control
P0,natural_polymorphism,Silene littorea,Caryophyllaceae,7,5,6,39,158,"The effects of pollination, herbivory and autonomous selfing on the maintenance of flower colour variation in Silene littorea",10.1111/plb.13209,https://openalex.org/W3103775414,"Intraspecific flower colour variation has been generally proposed to evolve as a result of selection driven by biotic or abiotic agents. In a polymorphic population of Silene littorea with pink- and white-flowered plants, we studied pollinators, analysed flower colour perception and tested for differences in pollinator visitation. We also experimentally analysed pollinator limitation in fruit and see",0,0,0,0,1,0,0,unreviewed,known_positive_control
P0,natural_polymorphism,Linanthus parryae,Polemoniaceae,6,3,6,39,150,PERSPECTIVE: EVOLUTION OF FLOWER COLOR IN THE DESERT ANNUAL LINANTHUS PARRYAE: WRIGHT REVISITED,10.1111/j.0014-3820.2001.tb00650.x,https://openalex.org/W2126691403,"Linanthus parryae, a diminutive desert annual with white or blue flowers, has been the focus of a long-standing debate among evolutionary biologists. At issue is whether the flower color polymorphism in this species is the product of ran",0,0,0,0,1,0,0,unreviewed,known_positive_control
P0,natural_polymorphism,Gymnadenia rhellicani,Orchidaceae,5,1,4,29,105,Emergence of a floral colour polymorphism by pollinator-mediated overdominance: 3-dimensional data of Gymnadenia rhellicani flowers in DICOM format,,https://openalex.org/W3194954792,Emergence of a floral colour polymorphism by pollinator-mediated overdominance: 3-dimensional data of Gymnadenia rhellicani flowers in DICOM format,0,0,0,0,1,0,0,unreviewed,known_positive_control
P1,natural_polymorphism,Campanula americana,Campanulaceae,10,0,10,24,185,Geographic Variation in Floral Color and Reflectance Correlates With Temperature and Colonization History,10.3389/fpls.2020.00991,https://openalex.org/W3039231158,"Geographic Variation in Floral Color and Reflectance Correlates With Temperature and Colonization History. roductive structures. Additionally, flower color may evolve to attract the dominant or most efficient pollinator type in a given population. Here, we evaluate geographic variation in petal coloration across the range of Campanula americana in Eastern North America and test whether color covaries with abiotic factors, the pollination community, and genetic structure established through post-glacial expansion. Consistent with other studies, flowers from coo || The role of pollinator preference in the maintenance of pollen colour variation. BACKGROUND AND AIMS: Pollinators often drive the evolution of floral traits, but their capacity to influence the evolution of pollen colour remains unclear. Pollen colour in Campanula americana is variable and displays a longitudinal cline from prevalence of deep purple in western populations to white and light-purple pollen in eastern populations. While selection for thermal tolerance probably underlies darke || Geographic variation in pollen color is associated with temperature stress. of pollen pigmentation, though it varies among and within species and its biochemical properties affect pollen viability. We characterize the distribution of pollen color across 24 populations of the North American herb Campanula americana, and assess the degree to which this variation is genetically based. We identify abiotic factors that covary with pollen color and test whether germination of light and dark pollen is differentially affected by variable",7,3,3,0,4,0,0,unreviewed,aggregated_followup_direct_and_natural_support
P1,natural_polymorphism,Lysimachia monelli,Primulaceae,8,2,8,30,200,A multiscale approach to understanding the shared blue-orange flower color polymorphism in two Lysimachia species,10.1186/s12870-024-05481-y,https://openalex.org/W4403002573,"A multiscale approach to understanding the shared blue-orange flower color polymorphism in two Lysimachia species. phism, or introgression. Although shared neutral genomic variation across species is commonplace, few examples of shared functional traits exist. The blue-orange petal color polymorphisms in two closely related species, Lysimachia monelli and L. arvensis were investigated with UV-vis reflectance spectra, flavonoid biochemistry, and transcriptome comparisons followed by climate niche analysis. RESULTS: Similar color morphs between species have nearly iden || Can a flower color ancestral polymorphism transcend speciation?. al polymorphism, or introgression. Although shared neutral genomic variation is commonplace, very few examples of shared functional traits exist. The blue-orange petal color polymorphisms in two closely related species, Lysimachia monelli and L. arvensis were investigated with UV-vis reflectance spectra, flavonoid biochemistry, and transcriptome comparisons followed by climate niche analysis. The similarities in reflectance spectra, biochemistry, and tra || A multiscale approach to understanding the shared blue-orange flower color polymorphism in two Lysimachia species. phism, or introgression. Although shared neutral genomic variation across species is commonplace, few examples of shared functional traits exist. The blue-orange petal color polymorphisms in two closely related species, Lysimachia monelli and L. arvensis were investigated with UV-vis reflectance spectra, flavonoid biochemistry, and transcriptome comparisons followed by climate niche analysis. Results Similar color morphs between species have nearly ident",4,3,0,0,2,0,0,unreviewed,natural_polymorphism_with_direct_and_replicated_support
P1,natural_polymorphism,Aquilegia oxysepala,Ranunculaceae,4,4,3,28,84,Identification and Expression Analysis of R2R3-MYB Transcription Factors Associated with Flower Color Variation in Aquilegia oxysepala,10.3390/agronomy16050581,https://openalex.org/W7134180857,"Identification and Expression Analysis of R2R3-MYB Transcription Factors Associated with Flower Color Variation in Aquilegia oxysepala. Aquilegia oxysepala is a characteristic wildflower of Northeast China, which has great application potential owing to its unique floral morphology and strong adaptability. The R2R3-MYB is one of the largest transcription factor families and has important roles in anthocyanin bio || Identification of the Chalcone Synthase Gene Family: Revealing the Molecular Basis for Floral Colour Variation in Wild Aquilegia oxysepala in Northeast China. Identification of the Chalcone Synthase Gene Family: Revealing the Molecular Basis for Floral Colour Variation in Wild Aquilegia oxysepala in Northeast China",2,2,0,0,0,0,0,unreviewed,natural_polymorphism_with_direct_and_replicated_support
P1,natural_polymorphism,Chrysanthemum indicum,Asteraceae,3,3,2,28,58,Metabolome and transcriptome integration provide insights into petal color variation of Chrysanthemum indicum,10.21203/rs.3.rs-8060656/v1,https://openalex.org/W4416744233,"Metabolome and transcriptome integration provide insights into petal color variation of Chrysanthemum indicum. Metabolome and transcriptome integration provide insights into petal color variation of Chrysanthemum indicum || Metabolome and transcriptome integration provide insights into petal color variation of Chrysanthemum indicum. Anthocyanins and carotenoids are essential for plant color formation and play significant roles in various physiological processes. This study explores the underlying molecular mechanisms of petal color variation in two Chrysanthemum indicum. Targeted metabolomics quantified 57 carotenoids, revealing higher total carotenoid content in yellow petals than in white petals. The yellow-petaled C. indicum flowers exhibited higher levels of key carotenoids, including lutein dipalmitate, lutein distearat",2,2,0,0,0,0,0,unreviewed,natural_polymorphism_with_direct_and_replicated_support
P1,natural_polymorphism,Buddleja delavayi,Scrophulariaceae,2,2,2,31,50,Comparison of floral properties and breeding system in dimorphic Buddleja delavayi (Scrophulariaceae),10.1111/jse.12123,https://openalex.org/W1507846092,"Comparison of floral properties and breeding system in dimorphic Buddleja delavayi (Scrophulariaceae). Abstract In this study, floral color, scent composition and emission rate, nectar property, pollinators, and breeding system of dimorphic Buddleja delavayi Gagnep. were investigated. Flower color of B. delavayi was determined using a standard color chart and spectrophotometer, and two distinct color polymorphisms were observed having purple or white flowers. Floral scents",1,1,0,1,1,2,0,unreviewed,natural_polymorphism_with_direct_and_replicated_support
P1,natural_polymorphism,Lonicera japonica,Caprifoliaceae,8,8,3,22,125,Analysis of Flower Color Variations at Different Developmental Stages in Two Honeysuckle (Lonicera Japonica Thunb.) Cultivars,10.21273/hortsci13819-18,https://openalex.org/W2947486927,"Analysis of Flower Color Variations at Different Developmental Stages in Two Honeysuckle (Lonicera Japonica Thunb.) Cultivars. Lonicera japonica Thunb., known as Japanese honeysuckle or golden-and-silver honeysuckle, belongs to the honeysuckle family and is native to eastern Asia, including China, Japan, and Korea. Microscopy, spectrophotometry, colorimetry, and the Royal Horticult",1,1,0,1,0,3,0,unreviewed,natural_polymorphism_with_direct_and_replicated_support
P1,natural_polymorphism,Vicia faba,Fabaceae,8,6,7,30,152,Induced morphological variation in Vicia faba L.,10.1111/j.1601-5223.1971.tb02371.x,https://openalex.org/W1969572140,"Induced morphological variation in Vicia faba L.. Morphological observations, and to some extent genetic analyses, are presented for some groups of induced morphological mutations in Vicia faba L. They comprised unifoliate (9), flower colour (36) and seed-coat colour (57) mutants; dwarfs (5); types with altered pollen shape (3); a late maturing form (1); red-stemmed seedling (1); and forms with changes in the colour and shape of the hilum (4). Furth || Linkage Map of a Gene Controlling Zero Tannins (zt-1) in Faba Bean (Vicia faba L.) with SSR and ISSR Markers. Faba bean (Vicia faba L.), a partially allogamous species, is rich in protein. Condensed tannins limit the use of faba beans as food and feed. Two recessive genes, zt-1 and zt-2, control the zero tannin content in faba bean and promote a white flower phenotype. To determine the in || A comparative metabolomics investigation of flavonoid variation in faba bean flowers. INTRODUCTION: Faba bean (Vicia faba L.) flowers are edible and used as garnishes because of their aroma, sweet flavor and attractive colors. Anthocyanins are the common plant pigments that give flowers their vivid colors, whereas non-anthocyanin flavonoids can serve as co-pigments that can modi",4,1,0,0,0,1,0,unreviewed,natural_polymorphism_with_direct_and_replicated_support
P1,natural_polymorphism,Hibiscus syriacus,Malvaceae,3,3,3,28,71,Studies on the Flower Color Variation in Hibiscus syriacus L.,,https://openalex.org/W1952690482,Studies on the Flower Color Variation in Hibiscus syriacus L.. Studies on the Flower Color Variation in Hibiscus syriacus L.,1,1,0,0,0,0,0,unreviewed,natural_polymorphism_with_direct_and_replicated_support
P1,natural_polymorphism,Rosa praelucens,Rosaceae,3,3,3,30,76,Identification and Validation of Reference Genes for qRT-PCR Analysis of Petal-Color-Related Genes in Rosa praelucens,10.3390/genes15030277,https://openalex.org/W4392105305,"Identification and Validation of Reference Genes for qRT-PCR Analysis of Petal-Color-Related Genes in Rosa praelucens. The flower’s color is regarded as one of the most outstanding features of the rose. Rosa praelucens Byhouwer, an endemic and critically endangered decaploid wild rose species, is abundant in phenotypic diversity, especially in flower color variation, from white to different degrees of pink. The mechanism underlying this variation, e.g., the level of petal-c || Studies on Phenotypic Diversity of Vulnerable Rosa praelucens Endemic to Shangrila,Yunnan. opulation and LHC population,which suggested that they had been possibly transplanted directly or indirectly from these 2 locations and then preserved. It is necessary to conserve more populations according to the phenotypic diversity and variation pattern of Rosa praelucens. The integrality of populations should also be kept in order to preserve as more ornamental traits as possible for further utilization.",2,1,0,1,0,2,0,unreviewed,natural_polymorphism_with_direct_and_replicated_support
P1,natural_polymorphism,Aquilegia coerulea,Ranunculaceae,3,3,2,30,68,"The role of pollinators in maintaining variation in flower colour in the Rocky Mountain columbine, Aquilegia coerulea",10.1093/aob/mcv028,https://openalex.org/W2145222715,"The role of pollinators in maintaining variation in flower colour in the Rocky Mountain columbine, Aquilegia coerulea. BACKGROUND AND AIMS: Flower colour varies within and among populations of the Rocky Mountain columbine, Aquilegia coerulea, in conjunction with the abundance of its two major pollinators, hawkmoths and bumble-bees. This study seeks to understand whether the choice of flower colour by these major pollinators can help explain the variation in",1,1,0,0,0,0,0,unreviewed,natural_polymorphism_with_direct_and_replicated_support
P1,natural_polymorphism,Barthea barthei,Melastomataceae,3,3,2,32,58,De novo genome assembly and population genomics of a shrub tree Barthea barthei (Hance) krass provide insights into the adaptive color variations,10.3389/fpls.2024.1365686,https://openalex.org/W4396557619,"De novo genome assembly and population genomics of a shrub tree Barthea barthei (Hance) krass provide insights into the adaptive color variations. ction in plants. Understanding the genetic mechanisms underlying shifts in flower color can provide key insights into ecological speciation. In this study, we investigated the genetic basis of flower color divergence in Barthea barthei , a shrub tree species exhibiting natural variation in flower color. We assembled a high-quality genome assembly for B. barthei with a contig N50 of 2.39 Mb and a scaffold N50 of 16.21 Mb. The assembly was annotated wit",1,1,0,0,0,0,0,unreviewed,natural_polymorphism_with_direct_and_replicated_support
P1,natural_polymorphism,Paeonia suffruticosa,Paeoniaceae,3,3,2,14,40,Anthocyanins in Tree Peony (Paeonia suffruticosa) and Their Relationship with Flower Color,10.7235/hort.20200070,https://openalex.org/W3115061837,"Anthocyanins in Tree Peony (Paeonia suffruticosa) and Their Relationship with Flower Color. Flower color is an important trait of tree peony (Paeonia suffruticosa), an economically important species. The accurate classification of flower color and understanding of the mechanism involved in creating variations in flower color provide the basis of tree peony breeding and genetic re || Chlorophyllase (PsCLH1) and light-harvesting chlorophyll a/b binding protein 1 (PsLhcb1) and PsLhcb5 maintain petal greenness in Paeonia suffruticosa ‘Lv Mu Yin Yu’. s are not an adaptive trait in natural plants due to the challenge for pollinators to discriminate from leaves, but they are valuable in horticulture. The molecular mechanisms of green petals remain unclear. Tree peony (Paeonia suffruticosa) is a globally cultivated ornamental plant and considered the 'King of Flowers' in China. The P. suffruticosa 'Lv Mu Yin Yu (LMYY)' cultivar with green petals could be utilized as a representative model for understandin",2,1,0,2,0,5,0,unreviewed,natural_polymorphism_with_direct_and_replicated_support
P1,natural_polymorphism,Eruca sativa,Brassicaceae,3,2,3,30,68,Natural Variation in Flower Color and Scent in Populations of Eruca sativa (Brassicaceae) Affects Pollination Behavior of Honey Bees,10.1093/jisesa/iez038,https://openalex.org/W2946516416,"Natural Variation in Flower Color and Scent in Populations of Eruca sativa (Brassicaceae) Affects Pollination Behavior of Honey Bees. Plants of Eruca sativa Mill. (Brassicaceae) from desert and Mediterranean populations in Israel differ in flower color and size. In the desert habitat, the population has higher abundance of flowers with cream color and longer petals, whereas in the Mediterranea",1,1,0,0,0,0,0,unreviewed,natural_polymorphism_with_direct_and_replicated_support
P1,natural_polymorphism,Rhododendron eriocarpum,Ericaceae,3,2,2,28,66,Contribution of Rhododendron eriocarpum Nakai to the flower color variation in R. sataense Nakai,10.5109/24286,https://openalex.org/W2280255217,"Contribution of Rhododendron eriocarpum Nakai to the flower color variation in R. sataense Nakai. Contribution of Rhododendron eriocarpum Nakai to the flower color variation in R. sataense Nakai || Isozyme Variations of Six Evergreen Azalea Species Distributed in Kyushu, Japan.. Mdh-2, Pgm-1 and Pgm-2 were surveyed. Rhododendron sataense had the widest isozyme variation among six azalea species. The allelic variation of R. kaempferi was relatively wide, whereas those of R. kiusianum, R. serpyllifolium, and R. eriocarpum were narrow. Rhododendron eriocarpum, belonging to Tsutsusi series, and R. serpyllifolium, belonging to Serpyllifolia series, were easily distinguished in Gpi-2 from other azalea species belonging to Kaempferia series ; the species belonging to Kaempferia series could not be distinguished from e",2,1,0,0,0,0,0,unreviewed,natural_polymorphism_with_direct_and_replicated_support
P1,natural_polymorphism,Agave lechuguilla,Asparagaceae,2,2,2,25,45,"Geographic patterns in the reproductive ecology of Agave lechuguilla (Agavaceae) in the Chihuahuan desert. I. Floral characteristics, visitors, and fecundity",10.3732/ajb.90.3.377,https://openalex.org/W2092683630,"Geographic patterns in the reproductive ecology of Agave lechuguilla (Agavaceae) in the Chihuahuan desert. I. Floral characteristics, visitors, and fecundity. ors. Differences among populations in the expression of floral characters could result from natural selection for their adaptive value to local conditions. We describe the patterns of variation of flower morphology, color, and fecundity of Agave lechuguilla in 11 populations along a latitudinal gradient encompassing the whole range of the species in the Chihuahuan desert. We found a latitudinal pattern in flower shape and color. Flowers tended to be shorter, more open, and colorful toward the",1,1,0,0,0,0,0,unreviewed,natural_polymorphism_with_direct_and_replicated_support
P1,natural_polymorphism,Argyranthemum frutescens,Asteraceae,2,2,2,22,40,"Obtainment and confirmation of intergeneric hybrids between marguerite ( Argyranthemum frutescens (L.) Sch.Bip.) and two Rhodanthemum species ( R. hosmariense (Ball) B. H. Wilcox, K. Bremer & Humphries and R. catananche (Ball) B. H. Wilcox, K. Bremer & Humphries)",10.5511/plantbiotechnology.23.0202a,https://openalex.org/W4380208217,"Obtainment and confirmation of intergeneric hybrids between marguerite ( Argyranthemum frutescens (L.) Sch.Bip.) and two Rhodanthemum species ( R. hosmariense (Ball) B. H. Wilcox, K. Bremer & Humphries and R. catananche (Ball) B. H. Wilcox, K. Bremer & Humphries). Argyranthemum frutescens (L.) Sch.Bip. and Rhodanthemum gayanum (Coss. & Durieu) B. H. Wilcox, K. Bremer & Humphries are capable of hybridization. To expand flower color variation in this intergeneric hybrid group, we performed crosses using A. frutescens as the seed parent and R. ho",1,1,0,0,0,0,0,unreviewed,natural_polymorphism_with_direct_and_replicated_support
P1,natural_polymorphism,Costus guanaiensis,Costaceae,2,2,2,26,48,An elevational gradient in floral traits and pollinator assemblages in the Neotropical species Costus guanaiensis var. tarmicus in Peru,10.1002/ece3.10314,https://openalex.org/W4385344381,"An elevational gradient in floral traits and pollinator assemblages in the Neotropical species Costus guanaiensis var. tarmicus in Peru. r‐driven selection results in floral trait variation along elevational gradients, but studies in tropical systems are lacking. We analyzed floral traits and pollinator assemblages in the Neotropical bee‐pollinated taxon Costus guanaiensis var. tarmicus across four sites along a steep elevational gradient in Peru. We found variations in floral traits of size, color, and reward, and in the pollinator assemblage along the elevational gradient. We examined o",1,1,0,0,0,0,0,unreviewed,natural_polymorphism_with_direct_and_replicated_support
P1,natural_polymorphism,Gerbera aurantiaca,Asteraceae,2,2,2,34,59,Geographical Variation in Flower Color in the Grassland Daisy Gerbera aurantiaca: Testing for Associations With Pollinators and Abiotic Factors,10.3389/fevo.2021.676520,https://openalex.org/W3173834513,"Geographical Variation in Flower Color in the Grassland Daisy Gerbera aurantiaca: Testing for Associations With Pollinators and Abiotic Factors. rs or may reflect abiotic factors such as soil chemistry or neutral processes such as genetic drift. Here we document striking geographical structure in the color of capitula of the endemic South African grassland daisy Gerbera aurantiaca and ask which of these competing explanations best explains this pattern. The color of capitula ranges from predominantly red in the southwest to yellow in the center, with some northern populations showing within-popul",1,1,0,0,0,0,0,unreviewed,natural_polymorphism_with_direct_and_replicated_support
P1,natural_polymorphism,Impatiens walleriana,Balsaminaceae,2,2,2,25,43,Integrated Multi-Omics Analysis Elucidates the Anthocyanin Regulatory Mechanism Underlying Flower Color Variation in Impatiens walleriana,10.3390/horticulturae12060713,https://openalex.org/W7164413590,"Integrated Multi-Omics Analysis Elucidates the Anthocyanin Regulatory Mechanism Underlying Flower Color Variation in Impatiens walleriana. Impatiens walleriana is a widely cultivated ornamental species extensively used in landscaping and garden design, with its vibrant floral colors constituting one of the primary determinants of its ornamental value. We found in preliminary observations that treatment of I. walleri",1,1,0,1,0,2,0,unreviewed,natural_polymorphism_with_direct_and_replicated_support
P1,natural_polymorphism,Portulaca grandiflora,Portulacaceae,2,2,2,30,48,Flower color-associated variation in phenolic content and antioxidant capacity in Portulaca grandiflora,10.13057/biodiv/d270413,https://openalex.org/W7162254533,"Flower color-associated variation in phenolic content and antioxidant capacity in Portulaca grandiflora. Abstract. Hardiany L, Zahra A, Nafisah AZ, Santika S, Aisyah SI, Dinarty D, Nurcholis W. 2026. Flower color-associated variation in phenolic content and antioxidant capacity in Portulaca grandiflora. Biodiversitas 27 (4): d270413. https://doi.org/10.13057/biodiv/d270413. Phenolic and flavonoid compounds are important plant secondary metabolites contributing to antioxidant defense through radical scavenging and redox-related mechanisms. Portulaca grandifl",1,1,0,0,0,0,0,unreviewed,natural_polymorphism_with_direct_and_replicated_support
P1,natural_polymorphism,Pedicularis comosa,Orobanchaceae,4,1,4,22,68,A cryptic hybrid zone reveals the genomic basis of flower colour variation in a plant with a large and complex genome,10.64898/2026.01.30.700338,https://openalex.org/W7127104116,"A cryptic hybrid zone reveals the genomic basis of flower colour variation in a plant with a large and complex genome. his trait may also results from other eco-evolutionary factors whose interpretation requires throughout context-specific analyses. Here, we investigated the eco-evolutionary causes of pink- and yellow-flowered morphs in Pedicularis comosa where their parapatric ranges form a contact zone: in the East of the Pyrenees Mountains. First, we generated a near-chromosome-scale reference genome assembly for this species. We then used a Genotyping By Sequencing a",1,1,0,0,0,0,0,unreviewed,natural_polymorphism_with_direct_and_replicated_support
P1,natural_polymorphism,Raphanus sativus,Brassicaceae,22,17,11,39,454,REPRODUCTIVE BIOLOGY OF PETAL COLOR VARIANTS IN WILD POPULATIONS OF RAPHANUS SATIVUS: I. POLLINATOR RESPONSE TO COLOR MORPHS,10.1002/j.1537-2197.1987.tb08595.x,https://openalex.org/W2031071577,"Pollinator response to petal color polymorphism in wild radish (Raphanus sativus) was investigated. Behavior of insect visitors was observed within experimental flower arrays, each containing two of the petal color forms seen intermixed in California populations: white, yellow, pink, and bronze. Hon",0,0,0,0,4,0,0,unreviewed,natural_polymorphism_with_direct_and_replicated_support
P1,natural_polymorphism,Raphanus raphanistrum,Brassicaceae,11,10,8,39,248,"Effects of pollinator preference on flower color polymorphism in wild radish, Raphanus raphanistrum (Brassicaceae).",,https://openalex.org/W163160015,"morphisms in plant populations. Pollinators may prefer one color morph to another, increasing its relative reproductive success, or they may remain constant to either morph, effecting assortative mating. In wild radish, Raphanus raphanistrum, these behaviors affect not only the frequencies of flower color traits, but also the persistence of crop genes in wild populations, as white-flowered plants in predominantly yellow-flowered populations may indicate pas",0,0,0,0,4,0,0,unreviewed,natural_polymorphism_with_direct_and_replicated_support
P1,natural_polymorphism,Anemone coronaria,Ranunculaceae,8,8,5,39,260,Distribution under climate change of Anemone coronaria : linking flower colour and seed dispersal,10.1002/njb.05105,https://openalex.org/W7160547221,"Flower colour polymorphism is driven by divergent selection regimes on the colour morphs across time and space. Anemone coronaria , a colour‐polymorphic geophyte with red, purple, and white flowers, displays a geographic pattern along Israel's aridity gradient: polymorphic populations are restricted to Mediterranean climates, while monomorphic‐red",0,0,0,0,4,0,0,unreviewed,natural_polymorphism_with_direct_and_replicated_support
P1,natural_polymorphism,Iris lutescens,Iridaceae,7,5,5,39,229,Neutral processes contribute to patterns of spatial variation for flower colour in the Mediterranean Iris lutescens (Iridaceae),10.1093/aob/mcw036,https://openalex.org/W2339618223,". natural selection in population differentiation. However, current explanations for the maintenance of flower colour polymorphism mainly rely on balancing selection, while neutral processes have seldom been championed. Iris lutescens (Iridaceae) is a widespread species in the northern Mediterranean basin, which shows a stable and striking purple-yellow flower colour polymorphism. To evaluate the roles of neutral processes in the spatial variation fo",0,0,0,0,4,0,0,unreviewed,natural_polymorphism_with_direct_and_replicated_support
P1,natural_polymorphism,Lupinus pilosus,Fabaceae,1,1,1,39,39,Flower‐Colour Polymorphism in Lupinus pilosus in Israel,10.1111/j.1439-0523.1987.tb01189.x,https://openalex.org/W1985541337,"Abstract Four rare flower‐colour mutants were detected in natural populations of Lupinus pilosus in Israel. The breeding systems and genetic bases of three oif them were examined. Mutants were tagged in wild populations and seed obtained upon open pollination was collected and grown in a, net house which was insect",0,0,0,0,4,2,0,unreviewed,natural_polymorphism_with_direct_and_replicated_support
P1,natural_polymorphism,Antirrhinum majus,Plantaginaceae,23,12,16,34,364,The role of pollinator-mediated selection in the maintenance of a flower color polymorphism in an Antirrhinum majus hybrid zone,10.15479/at:ista:th_526,https://openalex.org/W2954960215,"been tested by selection. This provides an excellent opportunity to test the effect of mo- lecular variation on fitness, and how this variation is able to spread through populations in a natural context. The snapdragon Antirrhinum majus is polymorphic in the wild for two loci controlling the distribution of yellow and magenta floral pigments. Where the yellow A. m. striatum and the magenta A. m. pseudomajus meet along a valley in the Spanish Pyren- ees",0,0,0,0,3,0,0,unreviewed,natural_polymorphism_with_direct_and_replicated_support
P1,natural_polymorphism,Hesperis matronalis,Brassicaceae,8,8,5,39,219,The Impact of Biochemistry vs. Population Membership on Floral Scent Profiles in Colour Polymorphic Hesperis matronalis,10.1093/aob/mcn181,https://openalex.org/W2160805784,"the relative effects of shared biochemistry and/or localized population-level phenomena on floral scent phenotype, floral scent composition and emission rate were examined in five wild populations of colour polymorphic Hesperis matronalis (Brassicaceae). METHODS: Floral scent was collected by in situ dynamic headspace extraction on purple and white colour morphs in each of five wild populations. Gas chromatography-mass spectroscopy of extracts allowed de",0,0,0,0,3,0,0,unreviewed,natural_polymorphism_with_direct_and_replicated_support
P1,natural_polymorphism,Fritillaria persica,Liliaceae,2,2,2,25,50,Environment or Pollinators? Factors Shaping Breeding System and Spatial Variation in Nectar Properties and Pollination System in a Desert Species Fritillaria persica L. (Liliaceae),10.1002/ece3.71265,https://openalex.org/W4409814846,"in zoogamous angiosperms. Here we combine observational data and field experiments to describe the assemblages of pollinators, breeding systems, and reward properties in studied populations of the Middle East geophyte, Fritillaria persica . Natural populations of this species include two floral color morphs with greenish or purple flowers; in both morphs, the nectaries of the outer whorl are covered by the tepals of the inner one. Our study documented ge",0,0,0,0,3,1,0,unreviewed,natural_polymorphism_with_direct_and_replicated_support
P1,natural_polymorphism,Rhododendron cyanocarpum,Ericaceae,2,2,1,39,68,"Flower Color Polymorphism in Rhododendron cyanocarpum(Ericaceae),an Endangered Alpine Species Endemic to NW Yunnan,China",,https://openalex.org/W3151048116,"Rhododendron cyanocarpum is a narrow endemic species with pink and white floral color. In the present study,to investigate the significance of petal color morphs,we examined color morph frequencies,petal color reflectance and other associated f",0,0,0,0,3,0,0,unreviewed,natural_polymorphism_with_direct_and_replicated_support
P1,natural_polymorphism,Anemone palmata,Ranunculaceae,1,1,1,39,39,Pollinator response to yellow UV ‐patterned versus white UV ‐patternless flower dimorphism in Anemone palmata,10.1111/plb.13702,https://openalex.org/W4402126765,"Flower colour polymorphisms are uncommon but widespread among angiosperms and can be maintained by a variety of balancing selection mechanisms. Anemone palmata is mostly yellow-flowered, but white-flowered plants coexist in some populations. We analysed the distribution of colour morphs of A. palmata across its range. We also characterised their colours and compared their vege",0,0,0,0,3,0,0,unreviewed,natural_polymorphism_with_direct_and_replicated_support
P1,natural_polymorphism,Solanum carolinense,Solanaceae,1,1,1,31,31,A field investigation into potential reproductive and resistance advantages of purple-petalled plants in polymorphic populations of horsenettle (Solanum carolinense),10.5091/plecevo.128527,https://openalex.org/W4403078083,"lutionary biologists alike. Nevertheless, the diversity of genetic factors and ecological interactions that act to maintain flower-color polymorphisms over time are understood for very few species. Here, we suggest that Solanum carolinense (horsenettle) makes an excellent model system for studying the evolutionary ecology of a flower-color polymorphism, and we begin to shed insight into factors that might affect the stability of the polymorphism. Material",0,0,0,0,3,0,0,unreviewed,natural_polymorphism_with_direct_and_replicated_support
P1,natural_polymorphism,Lotus corniculatus,Fabaceae,5,5,1,39,93,THE KEEL PETAL COLOUR POLYMORPHISM OF LOTUS CORNICULATUS L. IN SCOTLAND,10.1111/j.1469-8137.1981.tb04098.x,https://openalex.org/W2166044192,"SUMMARY In a survey of the keel petal colour polymorphism in Lotus corniculatus L. conducted at 61 coastal and inland locations in Scotland, there was a major difference in morph frequency between populations in the west and those in the east and central areas, with the dark keel being at low‐relat",0,0,0,0,2,0,0,unreviewed,natural_polymorphism_with_direct_and_replicated_support
P1,natural_polymorphism,Platystemon californicus,Papaveraceae,3,3,3,39,111,FLOWER COLOR POLYMORPHISM AND POLLINATION BIOLOGY OF PLATYSTEMON CALIFORNICUS BENTH. (PAPAVERACEAE),10.1002/j.1537-2197.1981.tb12383.x,https://openalex.org/W2023026998,"Five genetically controlled flower color morphs in Platystemon californicus tend to occur in distinct geographic regions, suggesting regional selection of morphs. I examined the reproductive biology of P. californicus to determine whether color morphs are subject to selection due to differences",0,0,0,0,2,0,0,unreviewed,natural_polymorphism_with_direct_and_replicated_support
P1,natural_polymorphism,Opuntia streptacantha,Cactaceae,2,2,2,33,61,Morphological and phenological variation of flower colour morphs in a wild population of Opuntia streptacantha (Cactaceae),10.5091/plecevo.112250,https://openalex.org/W4400298785,"tely 220 species. The considerable morphological and anatomical diversity among these species has resulted in a remarkable adaptative plasticity, evident in both intra- and interspecific variability. Our study system is Opuntia streptacantha , which has two flower colour morphs: yellow and orange. The objective is to determine if there are morphological differences in the reproductive and vegetative structures between floral morphs. Material and methods – W",0,0,0,0,2,0,0,unreviewed,natural_polymorphism_with_direct_and_replicated_support
P1,natural_polymorphism,Limonium wrightii,Plumbaginaceae,2,2,1,39,59,Origin of the disjunct distribution of flower colour polymorphism within Limonium wrightii (Plumbaginaceae) in the Ryukyu Archipelago,10.1111/j.1095-8312.2009.01253.x,https://openalex.org/W1926307786,"The sea lavender, Limonium wrightii, has six morphs of flower colour variation. The geographical distribution of flower colour morphs is disjunct; the distribution of the pink flower morph is divided into two subregions, and that of the yellow flower morp",0,0,0,0,2,0,0,unreviewed,natural_polymorphism_with_direct_and_replicated_support
P1,natural_polymorphism,Boechera stricta,Brassicaceae,1,1,1,39,39,Ecological causes and consequences of flower color polymorphism in a self‐pollinating plant ( Boechera stricta ),10.1111/nph.14998,https://openalex.org/W2790063807,"this mechanism cannot explain flower color polymorphisms in self-pollinating species. Indirect selection mediated via biotic and abiotic stresses could maintain flower color variation in these systems. The selfing forb, Boechera stricta, typically displays white flowers, but some individuals produce purple flowers. We quantified environmental correlates of flower color in natural populations. To disentangle plasticity from genotypic variation, we perfo",0,0,0,0,2,0,0,unreviewed,natural_polymorphism_with_direct_and_replicated_support
P1,natural_polymorphism,Ophiorrhiza japonica,Rubiaceae,1,1,1,39,39,Maintenance of flower color dimorphism in Ophiorrhiza japonica (Rubiaceae): responses to fluctuating temperatures in a dolomite Karst region,10.3389/fpls.2024.1495112,https://openalex.org/W4405558795,"ther non-pollinator stress factors. Generally, flower color polymorphism demonstrates effective acclimatization linked to either pollinator-mediated selection or pleiotropic effects. Methods: To test these hypotheses in Ophiorrhiza japonica, we compared pollinator visitation frequencies and plant traits between pink and white morphs in Shibing, a dolomite Karst region recognized as a World Natural Heritage Site. We also assessed the ratio of flower morphs",0,0,0,0,2,0,0,unreviewed,natural_polymorphism_with_direct_and_replicated_support
P1,natural_polymorphism,Ipomoea purpurea,Convolvulaceae,24,19,21,39,675,FREQUENCY‐DEPENDENT VARIATION FOR OUTCROSSING RATE AMONG FLOWER‐COLOR MORPHS OF IPOMOEA PURPUREA,10.1111/j.1558-5646.1987.tb02468.x,https://openalex.org/W2316750284,"In a series of previous studies, it has been shown that populations of the common morning glory Ipomoea purpurea are typically polymorphic for flower-color genes that bias pollinator service and, hence, the rate of outcrossing. In this study, we show that the rate of outcrossing for the white flower-color morph depends on its freq",0,0,0,0,1,0,0,unreviewed,natural_polymorphism_with_direct_and_replicated_support
P1,natural_polymorphism,Lantana camara,Verbenaceae,12,10,6,33,206,Variations in floral secondary metabolites of three flower color morphs of Lantana camara L.: possible roles in pollinators attraction,10.1007/s44372-024-00072-5,https://openalex.org/W4405656258,Plant secondary metabolites in the flowers mediate their interactions with pollinators. We analyzed the variations in the floral secondary metabolites (FSMs) of three different flower color morphs (FCMs) of Lantana camara in relation to pollinator attraction. FSMs were characterized by GC–MS. Data analysis revealed no significant quantitative differences between the FCMs in the chemical classes and insect semiochemicals of the FSMs. The,0,0,0,0,1,0,0,unreviewed,natural_polymorphism_with_direct_and_replicated_support
P1,natural_polymorphism,Ipomopsis aggregata,Polemoniaceae,7,5,6,28,125,POLLINATION AND SEED PRODUCTION IN IPOMOPSIS AGGREGATA: DIFFERENCES AMONG AND WITHIN FLOWER COLOR MORPHS,10.1002/j.1537-2197.1988.tb14186.x,https://openalex.org/W1971610493,"The pollination of red, pink, and white color morphs of Ipomopsis aggregata was evaluated to assess whether ethological isolation based on pollinator color discrimination may occur. We observed animal visitors, assessed pollen delivery, seed set per fruit, percentage of flowers setting fruit, n",0,0,0,0,1,0,0,unreviewed,natural_polymorphism_with_direct_and_replicated_support
P1,natural_polymorphism,Medicago sativa,Fabaceae,5,5,2,39,108,Adaptive Mechanisms of White-Flowered Alfalfa (Medicago sativa L.) in High-Altitude Cold and Saline–Alkali Environments,10.3390/biology15050414,https://openalex.org/W7133356404,"White-flowered alfalfa (Medicago sativa L.) persisting in Qinghai–Tibet Plateau’s saline–alkali habitats provides a unique model to explore floral color polymorphism-linked ecological adaptation. We systematically compared phenotypic, physiological, transcrip",0,0,0,0,1,0,0,unreviewed,natural_polymorphism_with_direct_and_replicated_support
P1,natural_polymorphism,Anemone pavonina,Ranunculaceae,8,4,7,39,231,Data for Heinze et al. (2026): Flower colour polymorphism in the peacock anemone ( Anemone pavonina ) reflects spatiotemporal variation in pollinator abundance. Am. J. Bot.,10.6084/m9.figshare.31301656,https://openalex.org/W7148717901,"These are the raw data underlying the following publication:Heinze, J., C. J. Van der Kooi, G. Vogg, U. Jäger, and J. Spaethe. 2026. Flower colour polymorphism in the peacock anemone ( Anemone pavonina ) reflects spatiotemporal variation in pollinator abundance. American Journal of Botany. The worksheet ""Receptivity_Pollination_type"" includes all data used for the study of receptivity and cross-, geitonogamous, and au",0,0,0,0,1,0,0,unreviewed,natural_polymorphism_with_direct_and_replicated_support
P1,natural_polymorphism,Bletilla striata,Orchidaceae,3,3,3,33,68,Resequencing and Functional Analysis Revealed That BsDFR4 Could Cause the Formation of Different Flower Colors in Bletilla striata (Orchidaceae),10.3390/ijms26083555,https://openalex.org/W4409335954,"The formation of flower color is closely related to anthocyanin synthesis. In this study, flowers of Bletilla striata (Orchidaceae) exhibiting distinct color morphs were collected and analyzed. The HPLC results showed significantly higher total flavonoid and anthocyanin contents in purple flowers compared to pink counterparts, with inc",1,0,0,1,1,1,0,unreviewed,natural_polymorphism_with_direct_and_replicated_support
P1,natural_polymorphism,Castilleja coccinea,Orobanchaceae,3,3,3,39,104,Floral bract color of Castilleja coccinea may influence seed viability,,https://openalex.org/W326681242,"Castilleja coccinea is a native annual or biennial plant with showy scarlet or yellow bracts. Although much is known about the hemi-parasitic nature of the plant, little is understood about the influence of floral color polymorphisms of Ca",0,0,0,0,1,0,0,unreviewed,natural_polymorphism_with_direct_and_replicated_support
P1,natural_polymorphism,Trillium sessile,Melanthiaceae,3,3,2,39,90,BIOCHEMICAL BASIS OF FLORAL COLOR POLYMORPHISM IN A HETEROCYANIC POPULATION OF TRILLIUM SESSILE (LILIACEAE),10.1002/j.1537-2197.1989.tb11280.x,https://openalex.org/W2007736589,"A study of flavonoids occurring within a heterocyanic population of Trillium sessile was made to determine the chemical basis of a common floral color polymorphism in this species. In the study population, three floral color phenotypes (red, pink, yellow) are determined primarily by the presence or abse",0,0,0,0,1,0,0,unreviewed,natural_polymorphism_with_direct_and_replicated_support
P1,natural_polymorphism,Cirsium palustre,Asteraceae,3,3,1,39,97,The ecological genetics of flower colour variation in Cirsium palustre,10.5287/ora-mj5dwmwbx,https://openalex.org/W753206841,"The thistle Cirsium palustre exists over most of lowland Britain as a predominantly purple flowered species. However the populations of seacliffs and mountains exhibit a flower colour polymorphism, occurring as homozygous white morphs, homozygous a",0,0,0,0,1,0,0,unreviewed,natural_polymorphism_with_direct_and_replicated_support
P1,natural_polymorphism,Lupinus polyphyllus,Fabaceae,3,3,1,20,44,"Bumblebee visits to different colour morphs of the Washington lupine, Lupinus polyphyllus",10.33338/ef.83851,https://openalex.org/W2201993718,"We examined the flower visits of bumblebees (Hymenoptera, Apoidea, Bomb us spp.) to Lupinus polyphyllus Lindley (Fabaceae) in southern Finland. The racemes of the plant bear nectarless flowers which appear in three main colour morphs, blue, red and white, of which blue is the most common. Blue inflorescences had the great",0,0,0,0,1,0,0,unreviewed,natural_polymorphism_with_direct_and_replicated_support
P1,natural_polymorphism,Bixa orellana,Bixaceae,3,3,0,29,64,Floral Color Polymorphism and Reproductive Success in Annatto (Bixa orellana L.),10.1007/s12042-013-9128-y,https://openalex.org/W2089900994,Floral Color Polymorphism and Reproductive Success in Annatto (Bixa orellana L.),0,0,0,0,1,0,0,unreviewed,natural_polymorphism_with_direct_and_replicated_support
P1,natural_polymorphism,Cistus ladanifer,Cistaceae,3,3,0,29,53,Similar reproductive success of the two petal colour polymorphisms of Cistus ladanifer (Cistaceae),10.1080/11263504.2011.633111,https://openalex.org/W2131818600,Similar reproductive success of the two petal colour polymorphisms of Cistus ladanifer (Cistaceae),0,0,0,0,1,0,0,unreviewed,natural_polymorphism_with_direct_and_replicated_support
P1,natural_polymorphism,Orchis mascula,Orchidaceae,4,2,3,31,92,"Presence, distribution and effect of white, pink and purple morphs on pollination in the orchid Orchis mascula",10.14712/23361964.2015.15,https://openalex.org/W1618346641,"tained in evolutionary time has long intrigued ecologists and is still debated. In particular, how floral colour polymorphism influences reproductive success is still poorly understood. Here, we investigated the case of Orchis mascula, a deceptive orchid species in which the presence of rare white-flowered individuals is known to increase the percentage pollination of co-occurring coloured morphs. In a brief review, we report all the orchid species f",0,0,0,0,1,0,0,unreviewed,natural_polymorphism_with_direct_and_replicated_support
P1,natural_polymorphism,Stellera chamaejasme,Thymelaeaceae,4,2,3,19,56,Canalized gene regulatory networks stabilize floral polymorphism and enable modular transgressive expression,10.64898/2026.04.16.719044,https://openalex.org/W7155106124,"rphisms frequently persist across heterogeneous environments despite ongoing gene flow, yet the regulatory mechanisms maintaining discrete phenotypes remain unclear. We tested whether alternative flower-colour morphs in Stellera chamaejasme L. are maintained by canalized gene regulatory architectures that stabilize expression around morph-specific optima. We used a pan-transcriptomic and eco-evolutionary framework integrating genome-wide gene expression pr",0,0,0,0,1,0,0,unreviewed,natural_polymorphism_with_direct_and_replicated_support
P1,natural_polymorphism,Collinsia heterophylla,Plantaginaceae,3,2,3,33,76,Floral scent and pollinator visitation in relation to floral colour morph in the mixed‐mating annual herb Collinsia heterophylla,10.1111/njb.03025,https://openalex.org/W3158771313,"less investigated than other floral traits. Previous studies suggest the importance of joint exploration of olfactory and visual floral cues to understand plant–pollinator interactions. We investigated flower scents in Collinsia heterophylla , a bee‐pollinated, annual herb a with mixed‐mating system combining self‐ and outcross‐pollination. In Collinsia , floral size and development variation is related to mating system, ranging from large‐flowered mixed‐ma",0,0,0,0,1,0,0,unreviewed,natural_polymorphism_with_direct_and_replicated_support
P1,natural_polymorphism,Erythranthe discolor,Phrymaceae,3,2,3,31,89,"Conservation Genetics of Narrowly Distributed Annual, Erythranthe discolor (Phrymaceae), in the Southern Sierra Nevada",10.5642/cguetd.xmgu6936,https://openalex.org/W4414905322,"Erythranthe discolor is a rare, narrowly distributed annual, endemic to California and occurs in the southern Sierra Nevada in Kern and Tulare counties with known flower color polymorphisms. There are 133 known occurrences of E. discolor wi",0,0,0,0,1,0,0,unreviewed,natural_polymorphism_with_direct_and_replicated_support
P1,natural_polymorphism,Leptosiphon parviflorus,Polemoniaceae,3,2,3,39,99,Gene Expression of Anthocyanin Pigments in the California Native Plant Leptosiphon parviflorus: Interactions Between Flower Color Morphology and Abiotic Stressors,,https://openalex.org/W7111452177,"adaptation seen in plants is the production of anthocyanin pigments, which have been shown to protect plants from UV radiation, metabolic stress, and drought. In this study, we used the flower color polymorphic species Leptosiphon parviflorus to investigate the role of anthocyanin pigments in protecting plants from abiotic stress. To accomplish this, RNA samples were taken from flower, leaf and root tissue of different flower color morphs of Leptosiphon parv",0,0,0,0,1,0,0,unreviewed,natural_polymorphism_with_direct_and_replicated_support
P1,natural_polymorphism,Parrya nudicaulis,Brassicaceae,3,2,3,27,67,Arctic Mustard Flower Color Polymorphism Controlled by Petal-Specific Downregulation at the Threshold of the Anthocyanin Biosynthetic Pathway,10.1371/journal.pone.0018230,https://openalex.org/W2145916438,"ochemical and molecular basis for the flower color variation and examining any pleiotropic effects manifested in vegetative tissues. Herein, we describe a widespread purple-white flower color polymorphism in the mustard Parrya nudicaulis spanning Alaska. The frequency of white-flowered individuals increases with increasing growing-season temperature, consistent with the role of anthocyanin pigments in stress tolerance. White petals fail to produce the s",0,0,0,0,1,0,0,unreviewed,natural_polymorphism_with_direct_and_replicated_support
P1,natural_polymorphism,Convolvulus arvensis,Convolvulaceae,2,2,2,39,53,Spatial patterns of flower colour variation in native and introduced ranges of Convolvulus arvensis (Convolvulaceae) revealed by citizen‐science data and machine learning,10.1111/plb.13537,https://openalex.org/W4376223817,"s. Investigation of this phenomenon led to multiple discoveries, including the principles of heredity and the foundations of population genetics. I examined flower colour variation across native and introduced ranges of Convolvulus arvensis, which exhibits flower colour polymorphism (individuals have white or pink petals). To study flower colour variation of this species throughout large geographic scale, I used observations gathered from the iNaturalist p",0,0,0,0,1,0,0,unreviewed,natural_polymorphism_with_direct_and_replicated_support
P1,natural_polymorphism,Encelia farinosa,Asteraceae,2,2,2,39,56,Population structure and natural selection across a flower color polymorphism in the desert plant Encelia farinosa,10.1002/ajb2.16413,https://openalex.org/W4403034968,"and history in structuring polymorphisms. METHODS: In this study, we combine field-sampling, genetics, climatic analyses, and machine learning to understand a flower color polymorphism in the wide-ranging desert annual Encelia farinosa. RESULTS: We find evidence for replicated transitions in disk floret color from brown to yellow across spatial scales, with the most prominent cline stretching ~100 km from southwestern United States into México. Becaus",0,0,0,0,1,0,0,unreviewed,natural_polymorphism_with_direct_and_replicated_support
P1,natural_polymorphism,Rhododendron arboreum,Ericaceae,2,2,2,33,53,"Altitudinal variation in flower color and attraction pattern of Rhododendron arboreum Sm. in central Himalayan Region of Uttarakhand, India",10.1163/22238980-bja10061,https://openalex.org/W4281817580,"ation and attraction as a mechanism for pollination and protection of floral parts. As part of this study, a survey relating to flower color variation and differences in spotting pattern (nectar guides) was conducted on Rhododendron arboreum , a widespread tree species in the mountainous region of Uttarakhand state, at 43 different altitudinal locations. Seven original color morphs of flowers and five types of spot variation in the nectar guide were observe",0,0,0,0,1,0,0,unreviewed,natural_polymorphism_with_direct_and_replicated_support
P1,natural_polymorphism,Tecomella undulata,Bignoniaceae,2,2,2,39,64,Artificial intelligence-based classification of flower colour polymorphism for conservation and genetic resource management of Tecomella undulata (Sm) Seem,10.1017/s1479262125100440,https://openalex.org/W4417152542,"Abstract Flower colour is a key trait shaping pollination, reproduction and plant–environment interactions. In arid ecosystems, it may also signal adaptations to heat and (Ultraviolet) UV stress. Tecomella undulata , a threatened keystone tree of the Indian Desert, exhibits striking flower colour polymorphism with yellow, orange and red morphs. This study tested whether artificial intelligence (AI) can reliably classify these morp",0,0,0,0,1,0,0,unreviewed,natural_polymorphism_with_direct_and_replicated_support
P1,natural_polymorphism,Corydalis cava,Papaveraceae,2,2,1,33,56,Do queens of bumblebee species differ in their choice of flower colour morphs of Corydalis cava (Fumariaceae)?,10.1007/s13592-014-0326-x,https://openalex.org/W2064420380,"Bumblebee queens require a continuous supply of flowering food plants from early spring for the successful development of annual colonies. Early in spring, Corydalis cava provides essential nectar and pollen resources and a choice of flower colour. In this paper, we examine flower colour choice (purple or white) in C. cava and verify the hypothesis that bumblebee queens differ in their c",0,0,0,0,1,0,0,unreviewed,natural_polymorphism_with_direct_and_replicated_support
P1,natural_polymorphism,Erythronium umbilicatum,Liliaceae,2,2,1,29,55,Evolution and Genetics of Floral Color Polymorphisms in Clarkia gracilis ssp. sonomensis and Erythronium umbilicatum,,https://openalex.org/W3034389613,Evolution and Genetics of Floral Color Polymorphisms in Clarkia gracilis ssp. sonomensis and Erythronium umbilicatum,0,0,0,0,1,0,0,unreviewed,natural_polymorphism_with_direct_and_replicated_support
P1,natural_polymorphism,Geranium thunbergii,Geraniaceae,2,2,1,39,68,Development and characterization of nuclear microsatellite markers to reveal the neutral demographic background of flower color polymorphism in Geranium thunbergii (Geraniaceae),10.1266/ggs.20-00062,https://openalex.org/W3155587122,"Nuclear microsatellite markers were developed for Geranium thunbergii, an herbaceous plant characterized by petal color polymorphism. Utilizing RNA sequencing data obtained by next-generation sequencing techniques, we developed and characterized 19 polymorphic microsatellite markers with",0,0,0,0,1,0,0,unreviewed,natural_polymorphism_with_direct_and_replicated_support
P1,natural_polymorphism,Cicer arietinum,Fabaceae,2,2,0,21,36,Exploring the Genetic Diversity and Population Structure in Chickpea Cultivated Germplasm & Genetic Basis of Flower Color Polymorphism in Chickpea (Cicer arietinum L.),,https://openalex.org/W3004089170,Exploring the Genetic Diversity and Population Structure in Chickpea Cultivated Germplasm & Genetic Basis of Flower Color Polymorphism in Chickpea (Cicer arietinum L.),0,0,0,0,1,0,0,unreviewed,natural_polymorphism_with_direct_and_replicated_support
P1,natural_polymorphism,Clarkia gracilis,Onagraceae,2,2,0,29,41,Evolution and Genetics of Floral Color Polymorphisms in Clarkia gracilis ssp. sonomensis and Erythronium umbilicatum,,https://openalex.org/W3034389613,Evolution and Genetics of Floral Color Polymorphisms in Clarkia gracilis ssp. sonomensis and Erythronium umbilicatum,0,0,0,0,1,0,0,unreviewed,natural_polymorphism_with_direct_and_replicated_support
P1,natural_polymorphism,Hepatica nobilis,Ranunculaceae,2,2,0,29,58,Flower color polymorphism in Hepatica nobilis var. japonica with reference to genetic backgrounds and reproductive success,10.14989/doctor.k21875,https://openalex.org/W2957429669,Flower color polymorphism in Hepatica nobilis var. japonica with reference to genetic backgrounds and reproductive success,0,0,0,0,1,0,0,unreviewed,natural_polymorphism_with_direct_and_replicated_support
P1,natural_polymorphism,Butomus umbellatus,Butomaceae,3,1,2,29,67,Asymmetric pollen–pistil interactions contribute to maintaining floral colour polymorphism in a clonal aquatic plant (Butomus umbellatus L.),10.1016/j.aquabot.2012.12.007,https://openalex.org/W2025476323,Asymmetric pollen–pistil interactions contribute to maintaining floral colour polymorphism in a clonal aquatic plant (Butomus umbellatus L.),0,0,0,0,1,0,0,unreviewed,natural_polymorphism_with_direct_and_replicated_support
P1,natural_polymorphism,Geranium nepalense,Geraniaceae,1,1,1,39,39,Flower Colour Polymorphism in Geranium nepalense (Geraniaceae): Adaptation to Non-Pollinator Agents,10.3161/15052249pje2016.64.4.007,https://openalex.org/W2588750614,"ABSTRACT Flower colour polymorphism is attributed to pollinator or non-pollinator mediated selection. Geranium nepalense has common white morph and very rare pink morph. We compared pollinator visitation frequencies, temperature and soil moisture between two morphs in the mixed morph population. We also compared morph ratio and reproducti",0,0,0,0,1,0,0,unreviewed,natural_polymorphism_with_direct_and_replicated_support
P1,natural_polymorphism,Haageocereus acranthus,Cactaceae,1,1,1,25,25,Mixed-vertebrate pollination traits and pollinators of Haageocereus acranthus (Cactaceae) in a lomas desert ecosystem of coastal Peru,10.64898/2026.01.08.698271,https://openalex.org/W7119625742,"s mixed strategy could reduce vulnerability to the absence or decline of specific pollinator groups, ensuring consistent reproductive success. Key message In a lomas desert ecosystem of coastal Peru, the columnar cactus Haageocereus acranthus shows traits and interactions consistent with a mixed-vertebrate pollination system (hummingbirds and bats), with no detectable differences between flower color morphotypes in either traits or interactions.",0,0,0,0,1,0,0,unreviewed,natural_polymorphism_with_direct_and_replicated_support
P1,natural_polymorphism,Leavenworthia stylosa,Brassicaceae,1,1,1,39,39,Reproductive character displacement shapes a spatially structured petal color polymorphism in Leavenworthia stylosa,10.1111/evo.12659,https://openalex.org/W2005881429,"cological character displacement) or the risk of forming hybrids with reduced fitness (reproductive character displacement). We test these and alternative hypotheses to explain a yellow-white petal color polymorphism in Leavenworthia stylosa, where yellow morphs are spatially associated with a white-petaled congener (Leavenworthia exigua) that produces hybrids with complete pollen sterility. A reciprocal transplant experiment found limited evidence of local",0,0,0,0,1,0,0,unreviewed,natural_polymorphism_with_direct_and_replicated_support
P1,natural_polymorphism,Leptocereus scopulophilus,Cactaceae,1,1,1,39,39,"Flower morphs in Leptocereus scopulophilus (Cactaceae) and their reproductive success in Pan de Matanzas, Cuba",10.25223/brad.n40.2022.a1,https://openalex.org/W4280574450,"Flower colour polymorphism is one of the most attractive features in pollination studies. This article investigates the factors influencing the frequency of flower colour polymorphism in the Cuban cactus Leptocereus scopulophilus, where four flower morphs have been reported. We determined whether the colour of the tepals is a discrete variable and estimated morphs frequency in the population. To explain the frequencies of the flower morphs, we c",0,0,0,0,1,0,0,unreviewed,natural_polymorphism_with_direct_and_replicated_support
P1,natural_polymorphism,Lilium sulphureum,Liliaceae,1,1,1,31,31,Studies on Intraspecific Differentiations of Flowering Colors of Lilium sulphureum Baker apud Hook.f.in Yunnan,,https://openalex.org/W2357395938,"Intraspecific differentiations in flower color are obvious in Lilium sulphureum Baker apud Hook.f.in Yunnan.There are polymorphsim within populations and obvious polytypism among populations.The flower color presents gradient variation.Specially,variations of flower color within Puer population are",0,0,0,0,1,0,0,unreviewed,natural_polymorphism_with_direct_and_replicated_support
P1,natural_polymorphism,Lupinus perennis,Fabaceae,1,1,1,33,33,Effects of Flower Color on Pollination and Seed Production in Lupinus Perennis,,https://openalex.org/W3041830603,"We examined how flower color morphs (blue vs white) in Lupinus perennis affect the probability of a flower setting fruit, average mass of a seed produced, and average number of seeds per pod.",0,0,0,0,1,0,0,unreviewed,natural_polymorphism_with_direct_and_replicated_support
P1,natural_polymorphism,Mirabilis jalapa,Nyctaginaceae,1,1,1,25,25,"Betalain Color Morphs Exhibit Differential Growth, Defensive Ability, and Pollen Tube Growth Rates in Mirabilis jalapa (Nyctaginaceae)",10.1086/673245,https://openalex.org/W2065776166,"heir phylogenetic counterparts, the anthocyanins, do.Methodology. We measured floral and leaf betalain concentrations and several phenological and performance traits in four floral color morphs of horticultural lines of Mirabilis jalapa (Nyctaginaceae). We also performed herbivore assays and measured pollen tube length in situ to investigate the role of betalain concentration in defense and prezygotic barriers among the floral color morphs.Pivotal resu",0,0,0,0,1,0,0,unreviewed,natural_polymorphism_with_direct_and_replicated_support
P1,natural_polymorphism,Narcissus pseudonarcissus,Amaryllidaceae,1,1,1,31,31,Transcriptome Sequencing and Biochemical Analysis of Perianths and Coronas Reveal Flower Color Formation in Narcissus pseudonarcissus,10.3390/ijms19124006,https://openalex.org/W2904598959,"Narcissus pseudonarcissus is an important bulbous plant with white or yellow perianths and light yellow to orange-red coronas, but little is known regarding the biochemical and molecular basis related to flower color polymorphisms. To investigat",0,0,0,0,1,0,0,unreviewed,natural_polymorphism_with_direct_and_replicated_support
P1,natural_polymorphism,Succisella microcephala,Caprifoliaceae,1,1,1,25,25,Visual attraction cues associated with tachinid pollination: insights from colour variation in Succisella microcephala (Caprifoliaceae),10.26786/1920-7603(2025)892,https://openalex.org/W4417421528,"challenging due to their functional heterogeneity. Recent studies have therefore proposed narrowing dipteran pollination into more precise syndromes. In this context, preliminary field observations of flower visitors to Succisella microcephala suggest a potential case of specialisation towards tachinid flies. Despite its generalist-like floral morphology, S. microcephala exhibits geographic variation in corolla colour and contrasting pigmentation between the",0,0,0,0,1,0,0,unreviewed,natural_polymorphism_with_direct_and_replicated_support
P1,natural_polymorphism,Viola diversifolia,Violaceae,1,1,1,31,31,Polymorphisme morphologique chez le pollen et la fleur de Viola diversifolia (Gingins) Becker,10.1080/01811789.1990.10827015,https://openalex.org/W2033544458,"Click to increase image sizeClick to decrease image sizeSummaryPollen and flower color polymorphism were both found in Viola diversifolia. In all populations studied, 3, 4, 5 and 6-apertured pollen grains were observed. The proportions of these four morphs did not differ significantly between flowers of the same individual, nor between individuals of the",0,0,0,0,1,0,0,unreviewed,natural_polymorphism_with_direct_and_replicated_support
P1,natural_polymorphism,Aloe petricola,Asphodelaceae,1,1,0,29,29,"Does colour matter? Flower colour polymorphism, pollinator visitation and reproductive success in the endemic Aloe petricola",10.1016/j.sajb.2018.02.109,https://openalex.org/W2796240393,"Does colour matter? Flower colour polymorphism, pollinator visitation and reproductive success in the endemic Aloe petricola",0,0,0,0,1,0,0,unreviewed,natural_polymorphism_with_direct_and_replicated_support
P1,natural_polymorphism,Hydrophyllum appendiculatum,Hydrophyllaceae,1,1,0,29,29,Reproductive Consequences of a Flower Color Polymorphism in Hydrophyllum appendiculatum,10.2307/2426522,https://openalex.org/W2313736393,Reproductive Consequences of a Flower Color Polymorphism in Hydrophyllum appendiculatum,0,0,0,0,1,0,0,unreviewed,natural_polymorphism_with_direct_and_replicated_support
P1,natural_polymorphism,Pleione limprichtii,Orchidaceae,1,1,0,29,29,Comparative Transcriptomics Provides Insight into Floral Color Polymorphism in a Pleione limprichtii Orchid Population,10.3390/ijms21010247,https://openalex.org/W2997206648,Comparative Transcriptomics Provides Insight into Floral Color Polymorphism in a Pleione limprichtii Orchid Population,0,0,0,0,1,0,0,unreviewed,natural_polymorphism_with_direct_and_replicated_support
P1,natural_polymorphism,Gentiana lutea,Gentianaceae,23,15,22,30,497,Differences in pollination success between local and foreign flower color phenotypes: a translocation experiment with Gentiana lutea (Gentianaceae),10.7717/peerj.2882,https://openalex.org/W2474042264,Background The adaptive maintenance of flower color variation is frequently attributed to pollinators partly because they preferentially visit certain flower phenotypes. We tested whether Gentiana lutea —which shows a flower color variation (from orange to yellow) in the Cantabrian Mountains range (north of Spain)—is locally adapted to the pollinator community. Methods We transplanted orange-flowering individuals to a,0,0,0,0,0,0,0,unreviewed,natural_polymorphism_with_direct_and_replicated_support
P1,natural_polymorphism,Lysimachia arvensis,Primulaceae,11,10,9,39,300,Flower colour segregation and flower discrimination under the bee vision model in the polymorphic Lysimachia arvensis,10.6084/m9.figshare.9848495,https://openalex.org/W4394516990,"Floral colour determines pollinator behaviour, strongly affecting plant-mating systems. Lysimachia arvensis has blue- and red-flowered plants and colour inheritance remains largely unknown. A control of floral colour based on one locus, with the red allele as dominant, has been proposed. This proposal cannot explain the spora",0,0,0,0,0,0,0,unreviewed,natural_polymorphism_with_direct_and_replicated_support
P1,natural_polymorphism,Digitalis purpurea,Plantaginaceae,7,7,4,30,179,Flower color variation in Digitalis purpurea,10.6084/m9.figshare.29095451.v1,https://openalex.org/W7130406677,In this study we evaluated the effects of biotic (pollinators) and abiotic (soil nutrients) on flower color variation of Digitalis purpurea in three native populations from Sweden and two introduced populations from Bolivia.,0,0,0,0,0,0,0,unreviewed,natural_polymorphism_with_direct_and_replicated_support
P1,natural_polymorphism,Phlox drummondii,Polemoniaceae,8,6,7,30,181,MOLECULAR SIGNATURES OF SELECTION ON REPRODUCTIVE CHARACTER DISPLACEMENT OF FLOWER COLOR IN PHLOX DRUMMONDII,10.1111/j.1558-5646.2011.01452.x,https://openalex.org/W1519665771,"s been observed in a wide variety of plants and animals. A classic example of reproductive character displacement, presumed to be caused by reinforcing selection, is flower-color variation in the native Texas wildflower Phlox drummondii. Here, we use population genetic analyses to investigate molecular signatures of selection on flower-color variation in this species. First, we quantify patterns of neutral genetic variation across the range of P. drumm",0,0,0,0,0,0,0,unreviewed,natural_polymorphism_with_direct_and_replicated_support
P1,natural_polymorphism,Lobelia siphilitica,Campanulaceae,5,5,4,30,96,"Pollinators, Herbivores, and the Maintenance of Flower Color Variation: A Case Study with Lobelia siphilitica",10.1086/656511,https://openalex.org/W2077295153,"nd the agents of selection on flower color have rarely been estimated. We estimated selection by pollinators and a predispersal seed predator on the three fundamental components of color (brightness, chroma, and hue) of Lobelia siphilitica flowers. We compared phenotypic selection on flowers of supplemental hand- versus open-pollinated plants to infer whether pollinators were an agent of selection on color. We compared attacked and unattacked plants to in",0,0,0,0,0,0,0,unreviewed,natural_polymorphism_with_direct_and_replicated_support
P1,natural_polymorphism,Mimulus ringens,Phrymaceae,4,3,2,30,62,Floral colour variation across life history and geography in Mimulus ringens (Phrymaceae),10.1093/botlinnean/boad065,https://openalex.org/W4393339809,"es that result in temporal or ecogeographic isolation. We investigate the possibility that both floral colour and life history have shifted together in a recently described, genetically distinct group within the species Mimulus ringens. Using a large, range-wide citizen science dataset, we test for geographic trends in flower colour and flowering time. We combine this with greenhouse studies in populations of known life history to test for differences",0,0,0,0,0,0,0,unreviewed,natural_polymorphism_with_direct_and_replicated_support
P1,natural_polymorphism,Nicotiana glauca,Solanaceae,3,3,2,30,70,Floral colour variation of Nicotiana glauca in native and non‐native ranges: Testing the role of pollinators' perception and abiotic factors,10.1111/plb.13509,https://openalex.org/W4319295181,"c conditions in native and non-native ranges provide ideal systems to test the role of different ecological factors driving flower colour variation. We quantified corolla reflectance of the ornithophilous South American Nicotiana glauca in native populations, where plants are pollinated by hummingbirds, and in populations from two invaded regions: South Africa, where plants are pollinated by sunbirds, and the Balearic island of Mallorca, where plants r",1,0,0,0,0,0,0,unreviewed,natural_polymorphism_with_direct_and_replicated_support
P1,natural_polymorphism,Arabidopsis thaliana,Brassicaceae,8,2,6,18,101,Genetic Mechanisms Behind Flower Color Variation in Caulanthus Amplexicaulis var. Amplexicaulis (CAA) and Caulanthus Amplexicaulis var. Barbarae (CAB),,https://openalex.org/W1217664957,"te the gene for flower color in two species of the flower C. amplexicaulis, CAA and CAB, by looking for sequence similarity between the Caulanthus genome and known transcription factors involved in pigment production in Arabidopsis thaliana using plants from the family Brassicaceae as intermediates. Once a high degree of similarity was found in a region of the CAB and CAA genomes, a gene model was developed to achieve an understanding of why CAA is a diffe",0,0,0,0,0,0,0,unreviewed,natural_polymorphism_with_direct_and_replicated_support
P1,natural_polymorphism,Claytonia virginica,Montiaceae,4,2,4,25,77,OPPOSING NATURAL SELECTION FROM HERBIVORES AND PATHOGENS MAY MAINTAIN FLORAL-COLOR VARIATION IN CLAYTONIA VIRGINICA (PORTULACACEAE),10.1111/j.0014-3820.2004.tb00872.x,https://openalex.org/W2142851853,"direct responses to selection on correlated characters through agents of selection other than pollinators may substantially shape the evolution of floral traits. Here, I provide empirical support for this latter view in Claytonia virginica (Portulacaceae) through a multiseason field study, a pollen supplementation study, and an artificial herbivory experiment. These studies show that most individuals fall into one of four discrete color classes, and sugge",0,0,0,0,0,0,0,unreviewed,natural_polymorphism_with_direct_and_replicated_support
P1,natural_polymorphism,Gerbera jamesonii,Asteraceae,3,2,2,25,55,Flower colour variations in gerbera (Gerbera jamesonii) population using image analysis,,https://openalex.org/W1781279088,"Image analysis was performed on ligules of 211 progenies and seven parental accessions of gerbera (Gerbera jamesonii Bolus ex. Hooker F), to quantify colour variation. The colour variations were assessed based on mean values of (1) red, green, blue (RGB), (2) hue and saturation (HS) colour channels of ligule colour. Multivariate clust",1,0,0,0,0,0,0,unreviewed,natural_polymorphism_with_direct_and_replicated_support
P1,natural_polymorphism,Clarkia xantiana,Onagraceae,2,2,2,39,61,Frequency–dependent pollinator foraging in polymorphic Clarkia xantiana ssp. xantiana populations: implications for flower colour evolution and pollinator interactions,10.1111/j.0030-1299.2006.14289.x,https://openalex.org/W2030950602,"g by some pollinator species, possibly contributing to the maintenance of flower colour variation by negative frequency–dependent selection. We addressed this idea with pollination studies of the California annual plant Clarkia xantiana ssp. xantiana (Onagraceae), which is polymorphic for the presence of conspicuous petal spots and is pollinated by several specialist bee species. At the level of entire pollinator assemblages, we did not detect signific",0,0,0,0,0,0,0,unreviewed,natural_polymorphism_with_direct_and_replicated_support
P1,natural_polymorphism,Linum pubescens,Linaceae,2,2,2,37,65,Pollinator‐mediated selection on floral size and tube color in Linum pubescens : Can differential behavior and preference in different times of the day maintain dimorphism?,10.1002/ece3.3683,https://openalex.org/W2780691752,"Pollinator‐mediated selection on floral size and tube color in Linum pubescens : Can differential behavior and preference in different times of the day maintain dimorphism?. sm, but it has rarely been shown to result from differential behavior of one pollinator. We tested whether different behaviors of the same pollinators in morning and evening are associated with dimorphic floral trait in Linum pubescens, a Mediterranean annual plant that exhibits variable within‐population frequencies of dark‐ and light‐colored flower tubes. Usia bicolor bee‐flies, the major pollinators of L. pubescens , are mostly feeding in the flowe",1,0,0,0,0,0,0,unreviewed,natural_polymorphism_with_direct_and_replicated_support
P1,natural_polymorphism,Tulipa suaveolens,Liliaceae,2,2,2,30,60,"Geographical features of Tulipa suaveolens Roth (Liliaceae, Magnoliophyta) distribution by flower color across its European range",10.35885/1684-7318-2022-2-150-172,https://openalex.org/W4308801437,"The range of the polychromous Tulipa suaveolens Roth comprises almost the whole Ponto-Caspian Steppe, from the south-east of Ukraine to western Kazakhstan. High variation in flower color is a unique feature of this species, but features of its geographical distributi",0,0,0,0,0,0,0,unreviewed,natural_polymorphism_with_direct_and_replicated_support
P2,natural_polymorphism,Iris pumila,Iridaceae,14,12,7,30,267,Are pollinators the agents of selection on flower colour and size in irises?,10.1111/oik.04501,https://openalex.org/W2769302125,"Are pollinators the agents of selection on flower colour and size in irises?. the base for pollinator‐mediated selection. In the colour dimorphic Iris lutescens , while pigment concentration and flower size were found to be under selection, this was independent of pollinators. For the polymorphic Iris pumila , pigment concentration is under selective pressure by pollinators, but only for one colour morph. Our results suggest that pollinators are not the main agents of selection on floral traits in these irises, as opposed t || Flowering phenology in natural populations of Iris pumila. In the present study, I examined flowering phenology of dwarf bearded ins, Iris pumila , using naturally occurring clones (three sites, four microsites) and clones transplanted between two sites representing two habitats Naturally occurring clones in contrasting habitats and microsites differed significan || Phenotypic Selection on Flower Traits in Food-Deceptive Plant Iris pumila L.: The Role of Pollinators. To gain insight into the evolution of flower traits in the generalized food-deceptive plant Iris pumila, we assessed the color, size, shape, and fluctuating asymmetry (FA) of three functionally distinct floral organs—outer perianths (‘falls’), inner perianths (‘standards’), and style branches—and estimated pollinator-medi",3,1,1,0,3,0,0,unreviewed,aggregated_followup_direct_support
P2,natural_polymorphism,Mammillaria haageana,Cactaceae,2,2,2,32,62,Evolution of flower allometry and pigmentation in Mammillaria haageana (Cactaceae),10.1186/s12870-021-03386-8,https://openalex.org/W4206993445,"Evolution of flower allometry and pigmentation in Mammillaria haageana (Cactaceae). this variation is adaptive. Under the neutral evolutionary theory, subtle phenotypes are almost neutral with little adaptive value. To test this idea, we studied the infraspecific variation in flower shape and color in Mammillaria haageana, a species with a wide geographical distribution and phenotypic variation, which populations are often recognized as infraspecific taxa. RESULTS: We collected samples from wild populations, kept them in the greenhouse f",1,1,1,0,3,0,0,unreviewed,aggregated_followup_direct_support
P2,natural_polymorphism,Eschscholzia californica,Papaveraceae,5,5,1,44,92,Polymorphism and geographic variation of flower color in chilean populations ofEschscholzia californica,10.1007/bf00989403,https://openalex.org/W1967093324,Polymorphism and geographic variation of flower color in chilean populations ofEschscholzia californica. Polymorphism and geographic variation of flower color in chilean populations ofEschscholzia californica,1,1,1,0,2,0,0,unreviewed,aggregated_followup_direct_support
P2,natural_polymorphism,Kadsura longipedunculata,Schisandraceae,2,2,2,34,59,"Geographic variations of floral traits and pollinator guilds in a specialized pollination mutualism, Kadsura longipedunculata and gall midges",10.1002/bod2.12020,https://openalex.org/W4404001862,"Geographic variations of floral traits and pollinator guilds in a specialized pollination mutualism, Kadsura longipedunculata and gall midges. out whether these geographic variations in floral traits influence species–specific interactions in obligate mutualisms. In this study, variations in flower morphology, color and scent were investigated within and among Kadsura longipedunculata populations. Local midge pollinators across three populations were sampled to examine the plant‐insect dynamics at the geographic scale. Our results suggested dimorphism in androecium color within and among populations.",1,1,1,0,2,0,0,unreviewed,aggregated_followup_direct_support
P2,natural_polymorphism,Calceolaria uniflora,Calceolariaceae,2,2,1,38,58,Geographic variation in flower color patterns within Calceolaria uniflora Lam. in Southern Patagonia,10.1007/s00606-003-0083-1,https://openalex.org/W2016058514,Geographic variation in flower color patterns within Calceolaria uniflora Lam. in Southern Patagonia. Geographic variation in flower color patterns within Calceolaria uniflora Lam. in Southern Patagonia,1,1,1,0,2,0,0,unreviewed,aggregated_followup_direct_support
P2,natural_polymorphism,Heliconia irrasa,Heliconiaceae,1,1,1,20,20,Long-Tailed Hermit Hummingbird Visits to Inflorescence Color Morphs of Heliconia irrasa,10.2307/1367077,https://openalex.org/W2328833611,Visits by Long-tailed Hermit hummingbirds (Phaethornis superciliosus) to flowers of different inflorescence color morphs in a natural population of Heliconia irrasa were monitored indirectly using fluorescent powder. The two color morphs (red and yellow) were indistinguishable with respect to amount and rate of reward (nectar) offered to pollinators. The birds did not appear to pre,0,0,0,0,2,0,0,unreviewed,natural_polymorphism_with_direct_support
P3,natural_polymorphism,Abronia fragrans,Nyctaginaceae,2,0,2,27,45,"Pollinator, herbivore, and climatic selective pressures differ across a floral color transition zone",10.1002/ajb2.70142,https://openalex.org/W4417447151,"Pollinator, herbivore, and climatic selective pressures differ across a floral color transition zone. ted pigments that, like the widespread and well-studied anthocyanins and carotenoids, may attract pollinators, deter herbivores, and protect against abiotic stress. METHODS: We investigated which selection pressures underlie betalain pigmentation variation in Abronia fragrans, a wildflower polymorphic in floral color across its range. RESULTS: While most populations produced white flowers, some in the south-central United States bore pink flowers with reduced floral display, suggesting a trade-off between pigment production and re",1,1,0,0,0,0,0,unreviewed,natural_polymorphism_with_replicated_context
P3,natural_polymorphism,Chiloglottis trapeziformis,Orchidaceae,2,0,2,21,39,Anthocyanin and Flavonol Glycoside Metabolic Pathways Underpin Floral Color Mimicry and Contrast in a Sexually Deceptive Orchid,10.3389/fpls.2022.860997,https://openalex.org/W4220880514,"Anthocyanin and Flavonol Glycoside Metabolic Pathways Underpin Floral Color Mimicry and Contrast in a Sexually Deceptive Orchid. ive plants secure pollination by luring specific male insects as pollinators using a combination of olfactory, visual, and morphological mimicry. Flower color is a key component to this attraction, but its chemical and genetic basis remains poorly understood. Chiloglottis trapeziformis is a sexually deceptive orchid which has predominantly dull green-red flowers except for the central black callus projecting from the labellum lamina. The callus mimics the female of the pollinator and the stark color contrast between the black callus and dul",1,1,0,0,0,0,0,unreviewed,natural_polymorphism_with_replicated_context
P3,natural_polymorphism,Cylindropuntia wolfii,Cactaceae,2,0,2,18,26,Influence of Sexual Dimorphism and Dichromatism on Reproductive Success in a Rare Native Cactus,10.21203/rs.3.rs-2607383/v1,https://openalex.org/W4366199300,"Influence of Sexual Dimorphism and Dichromatism on Reproductive Success in a Rare Native Cactus. t Identifying plant sexual dimorphic traits is critical in advancing our knowledge on plant-pollinator interactions. For example, dimorphism in floral colors, or sexual dichromatism, is a crucial mediator of pollinator choice on foraging decisions. We studied Cylindropuntia wolfii, an exemplary model system, with diverse flower colors and a functionally dioecious sexual system. However, it is struggling to reproduce sexually as it has a low seed set especially in naturally pollinated fruits. Thus, it is critical to this native species’",1,1,0,0,0,0,0,unreviewed,natural_polymorphism_with_replicated_context
P3,natural_polymorphism,Disa porrecta,Orchidaceae,2,0,2,21,39,Geographical variation in flower colour of a food-deceptive orchid reflects local pollinator preferences,10.1093/aob/mcaf074,https://openalex.org/W4409528104,"Geographical variation in flower colour of a food-deceptive orchid reflects local pollinator preferences. BACKGROUND AND AIMS: Intraspecific variation in floral traits can reflect shifts among different pollinator niches. We investigated whether a geographical mosaic of pollinator niches can explain divergence of flower colour and morphology among populations of Disa porrecta, a food-deceptive orchid in South Africa. METHODS: We used field observations and pollen load analysis to establish pollinators of D. porrecta and measured spectral reflectance, morphology and scent emissions in populations. We used reciprocal translocation e",1,1,0,0,0,0,0,unreviewed,natural_polymorphism_with_replicated_context
P3,natural_polymorphism,Lepanthes rupestris,Orchidaceae,2,0,2,34,61,Floral color patterns in a tropical orchid: Are they associated with reproductive success?,10.1111/j.1442-1984.2007.00181.x,https://openalex.org/W2041151766,"Floral color patterns in a tropical orchid: Are they associated with reproductive success?. Abstract We sought to measure phenotypic selection on petal color variation in populations of Lepanthes rupestris , a diminutive epilithic orchid of Puerto Rico that exhibits a polymorphism in petal color patterns (unicolor or bicolored). We censused seven populations monthly for 20 months and noted flower production and petal color pattern. Each flow",1,1,0,0,0,0,0,unreviewed,natural_polymorphism_with_replicated_context
P3,natural_polymorphism,Curcuma caulina,Zingiberaceae,4,0,4,19,66,"A tale of three morphs: Nectar, reproductive compatibility, and morph abundance explain reproductive success within a polymorphic ginger from Western Ghats, India",10.5281/zenodo.20630411,https://openalex.org/W7164497158,"B PLANTS. Manuscript ID: AOBP-2025-152.R2. ## Dataset overview This archive contains the data and R analysis code associated with the above manuscript. The study examines bract-colour polymorphism in the ginger species *Curcuma caulina* from the Western Ghats, India. The dataset includes measurements of bract-colour morph abundance, floral and vegetative morphology, nectar reward, nocturnal pollinator visitation, reproductive compatibility, and natura",0,0,0,0,2,0,0,unreviewed,natural_polymorphism_with_replicated_context
P3,natural_polymorphism,Phlox cuspidata,Polemoniaceae,2,0,2,18,28,The Cost of Reinforcement: Selection on Flower Color in Allopatric Populations of Phlox drummondii,10.1086/675495,https://openalex.org/W2136138417,"erring greater reproductive isolation from spreading into allopatry. We investigate flower color divergence in the wildflower Phlox drummondii, which is caused by reinforcement in the regions sympatric with its congener Phlox cuspidata. Specifically, we performed common garden field experiments and pollinator observations to estimate selection acting on flower color variation in allopatry. We combine our estimates of maternal and paternal fitness usin",0,0,0,0,1,0,0,unreviewed,natural_polymorphism_with_replicated_context
P3,natural_polymorphism,Moricandia arvensis,Brassicaceae,3,0,3,21,39,Heat drastically alters floral color and pigment composition without affecting flower conspicuousness,10.1002/ajb2.70096,https://openalex.org/W4414083519,"gh color display and also contribute to protection against environmental stress. Although pigment composition can be plastically altered under stress, its impact on pollinator color perception remains poorly understood. Moricandia arvensis (Brassicaceae) exhibits seasonal floral dimorphism, with lilac spring flowers and white summer flowers. This study examines how heat-driven shifts in floral pigments alter flower color and its perception by pollinators.",0,0,0,0,0,0,0,unreviewed,natural_polymorphism_with_replicated_context
