rank,canonical_name,family,n_works,max_score,total_score,best_title,best_doi,best_openalex_id,review_status
1,Borago officinalis,Boraginaceae,1,39,39,Evaluating Perennial and Annual Companion Plantings for Pollinator Enhancement of Yield in Small-Scale Vegetable Production,,https://openalex.org/W3011623094,unreviewed
2,Borrichia frutescens,Asteraceae,1,39,39,Evaluating Perennial and Annual Companion Plantings for Pollinator Enhancement of Yield in Small-Scale Vegetable Production,,https://openalex.org/W3011623094,unreviewed
3,Capsicum chinense,Solanaceae,1,39,39,Evaluating Perennial and Annual Companion Plantings for Pollinator Enhancement of Yield in Small-Scale Vegetable Production,,https://openalex.org/W3011623094,unreviewed
4,Cucumis sativus,Cucurbitaceae,1,39,39,Evaluating Perennial and Annual Companion Plantings for Pollinator Enhancement of Yield in Small-Scale Vegetable Production,,https://openalex.org/W3011623094,unreviewed
5,Eysenhardtia texana,Fabaceae,1,39,39,Evaluating Perennial and Annual Companion Plantings for Pollinator Enhancement of Yield in Small-Scale Vegetable Production,,https://openalex.org/W3011623094,unreviewed
6,Ocimum basilicum,Lamiaceae,1,39,39,Evaluating Perennial and Annual Companion Plantings for Pollinator Enhancement of Yield in Small-Scale Vegetable Production,,https://openalex.org/W3011623094,unreviewed
7,Phyla nodiflora,Verbenaceae,1,39,39,Evaluating Perennial and Annual Companion Plantings for Pollinator Enhancement of Yield in Small-Scale Vegetable Production,,https://openalex.org/W3011623094,unreviewed
8,Capsicum annuum,Solanaceae,1,32,32,Genome sequence for the blue‐flowered Andean shrub <i>Iochroma cyaneum</i> reveals extensive discordance across the berry clade of Solanaceae,10.1002/tpg2.20223,https://openalex.org/W4281775378,unreviewed
9,Iochroma cyaneum,Solanaceae,1,32,32,Genome sequence for the blue‐flowered Andean shrub <i>Iochroma cyaneum</i> reveals extensive discordance across the berry clade of Solanaceae,10.1002/tpg2.20223,https://openalex.org/W4281775378,unreviewed
10,Jaltomata sinuosa,Solanaceae,1,32,32,Genome sequence for the blue‐flowered Andean shrub <i>Iochroma cyaneum</i> reveals extensive discordance across the berry clade of Solanaceae,10.1002/tpg2.20223,https://openalex.org/W4281775378,unreviewed
11,Nicotiana attenuata,Solanaceae,1,32,32,Genome sequence for the blue‐flowered Andean shrub <i>Iochroma cyaneum</i> reveals extensive discordance across the berry clade of Solanaceae,10.1002/tpg2.20223,https://openalex.org/W4281775378,unreviewed
12,Physalis philadelphica,Solanaceae,1,32,32,Genome sequence for the blue‐flowered Andean shrub <i>Iochroma cyaneum</i> reveals extensive discordance across the berry clade of Solanaceae,10.1002/tpg2.20223,https://openalex.org/W4281775378,unreviewed
13,Solanum lycopersicum,Solanaceae,1,32,32,Genome sequence for the blue‐flowered Andean shrub <i>Iochroma cyaneum</i> reveals extensive discordance across the berry clade of Solanaceae,10.1002/tpg2.20223,https://openalex.org/W4281775378,unreviewed
14,Solanum tuberosum,Solanaceae,1,32,32,Genome sequence for the blue‐flowered Andean shrub <i>Iochroma cyaneum</i> reveals extensive discordance across the berry clade of Solanaceae,10.1002/tpg2.20223,https://openalex.org/W4281775378,unreviewed
15,Bossiaea eriocarpa,Fabaceae,1,31,31,Ecological factors driving pollination success in an orchid that mimics a range of Fabaceae,10.1093/botlinnean/boaa039,https://openalex.org/W3047481134,unreviewed
16,Daviesia divaricata,Fabaceae,1,31,31,Ecological factors driving pollination success in an orchid that mimics a range of Fabaceae,10.1093/botlinnean/boaa039,https://openalex.org/W3047481134,unreviewed
17,Diuris magnifica,Orchidaceae,1,31,31,Ecological factors driving pollination success in an orchid that mimics a range of Fabaceae,10.1093/botlinnean/boaa039,https://openalex.org/W3047481134,unreviewed
18,Hardenbergia comptoniana,Fabaceae,1,31,31,Ecological factors driving pollination success in an orchid that mimics a range of Fabaceae,10.1093/botlinnean/boaa039,https://openalex.org/W3047481134,unreviewed
19,Jacksonia sternbergiana,Fabaceae,1,31,31,Ecological factors driving pollination success in an orchid that mimics a range of Fabaceae,10.1093/botlinnean/boaa039,https://openalex.org/W3047481134,unreviewed
20,Impatiens glandulifera,Balsaminaceae,7,29,127,The transformer species of the Ukrainian Polissya,10.1515/biorc-2015-0020,https://openalex.org/W2561041206,unreviewed
21,Platystemon californicus,Papaveraceae,3,29,59,Evolutionary Genetics of an S-Like Polymorphism in Papaveraceae with Putative Function in Self-Incompatibility,10.1371/journal.pone.0023635,https://openalex.org/W2170418185,unreviewed
22,Reynoutria japonica,Polygonaceae,2,29,54,The transformer species of the Ukrainian Polissya,10.1515/biorc-2015-0020,https://openalex.org/W2561041206,unreviewed
23,Papaver rhoeas,Papaveraceae,2,29,46,Evolutionary Genetics of an S-Like Polymorphism in Papaveraceae with Putative Function in Self-Incompatibility,10.1371/journal.pone.0023635,https://openalex.org/W2170418185,unreviewed
24,Argemone munita,Papaveraceae,1,29,29,Evolutionary Genetics of an S-Like Polymorphism in Papaveraceae with Putative Function in Self-Incompatibility,10.1371/journal.pone.0023635,https://openalex.org/W2170418185,unreviewed
25,Echinocystis lobata,Cucurbitaceae,1,29,29,The transformer species of the Ukrainian Polissya,10.1515/biorc-2015-0020,https://openalex.org/W2561041206,unreviewed
26,Heracleum sosnowskyi,Apiaceae,1,29,29,The transformer species of the Ukrainian Polissya,10.1515/biorc-2015-0020,https://openalex.org/W2561041206,unreviewed
27,Opuntia dejecta,Cactaceae,1,29,29,Survey the Genetic Diversity of Eight Opuntia Species from Egypt using Random Amplified Polymorphic DNA (RAPD) Technique,10.21608/jabps.2019.20728.1062,https://openalex.org/W2996888576,unreviewed
28,Opuntia dillenii,Cactaceae,1,29,29,Survey the Genetic Diversity of Eight Opuntia Species from Egypt using Random Amplified Polymorphic DNA (RAPD) Technique,10.21608/jabps.2019.20728.1062,https://openalex.org/W2996888576,unreviewed
29,Opuntia leucotricha,Cactaceae,1,29,29,Survey the Genetic Diversity of Eight Opuntia Species from Egypt using Random Amplified Polymorphic DNA (RAPD) Technique,10.21608/jabps.2019.20728.1062,https://openalex.org/W2996888576,unreviewed
30,Opuntia microdasys,Cactaceae,1,29,29,Survey the Genetic Diversity of Eight Opuntia Species from Egypt using Random Amplified Polymorphic DNA (RAPD) Technique,10.21608/jabps.2019.20728.1062,https://openalex.org/W2996888576,unreviewed
31,Opuntia tomentosa,Cactaceae,1,29,29,Survey the Genetic Diversity of Eight Opuntia Species from Egypt using Random Amplified Polymorphic DNA (RAPD) Technique,10.21608/jabps.2019.20728.1062,https://openalex.org/W2996888576,unreviewed
32,Papaver mcconnellii,Papaveraceae,1,29,29,Evolutionary Genetics of an S-Like Polymorphism in Papaveraceae with Putative Function in Self-Incompatibility,10.1371/journal.pone.0023635,https://openalex.org/W2170418185,unreviewed
33,Robinia pseudoacacia,Fabaceae,1,29,29,The transformer species of the Ukrainian Polissya,10.1515/biorc-2015-0020,https://openalex.org/W2561041206,unreviewed
34,Romneya coulteri,Papaveraceae,1,29,29,Evolutionary Genetics of an S-Like Polymorphism in Papaveraceae with Putative Function in Self-Incompatibility,10.1371/journal.pone.0023635,https://openalex.org/W2170418185,unreviewed
35,Cirsium palustre,Asteraceae,4,27,68,Distribution and pollination services of wild bees and hoverflies along an altitudinal gradient in mountain hay meadows,10.1002/ece3.7924,https://openalex.org/W3184699172,unreviewed
36,Collinsia heterophylla,Plantaginaceae,3,27,43,"Floral Evolution: Breeding Systems, Pollinators, and Beyond",10.1086/706240,https://openalex.org/W2980376333,unreviewed
37,Clarkia xantiana,Onagraceae,2,27,42,"Floral Evolution: Breeding Systems, Pollinators, and Beyond",10.1086/706240,https://openalex.org/W2980376333,unreviewed
38,Geranium sylvaticum,Geraniaceae,2,27,40,Distribution and pollination services of wild bees and hoverflies along an altitudinal gradient in mountain hay meadows,10.1002/ece3.7924,https://openalex.org/W3184699172,unreviewed
39,Burmeistera ceratocarpa,Campanulaceae,1,27,27,"Floral Evolution: Breeding Systems, Pollinators, and Beyond",10.1086/706240,https://openalex.org/W2980376333,unreviewed
40,Clarkia speciosa,Onagraceae,1,27,27,"Floral Evolution: Breeding Systems, Pollinators, and Beyond",10.1086/706240,https://openalex.org/W2980376333,unreviewed
41,Phyteuma nigrum,Campanulaceae,1,27,27,Distribution and pollination services of wild bees and hoverflies along an altitudinal gradient in mountain hay meadows,10.1002/ece3.7924,https://openalex.org/W3184699172,unreviewed
42,Trisetum flavescens,Poaceae,1,27,27,Distribution and pollination services of wild bees and hoverflies along an altitudinal gradient in mountain hay meadows,10.1002/ece3.7924,https://openalex.org/W3184699172,unreviewed
43,Arabidopsis thaliana,Brassicaceae,10,25,159,Natural Selection in Plants 151 Years after <i>the Origin</i>:,10.1086/657251,https://openalex.org/W2322861450,unreviewed
44,Buddleja davidii,Scrophulariaceae,1,25,25,Color-advertising strategies of invasive plants through the bee eye,10.3389/fpls.2024.1393204,https://openalex.org/W4398218529,unreviewed
45,Lamium album,Lamiaceae,1,25,25,Natural Selection in Plants 151 Years after <i>the Origin</i>:,10.1086/657251,https://openalex.org/W2322861450,unreviewed
46,Lythrum salicaria,Lythraceae,1,25,25,Natural Selection in Plants 151 Years after <i>the Origin</i>:,10.1086/657251,https://openalex.org/W2322861450,unreviewed
47,Meehania urticifolia,Lamiaceae,1,25,25,Natural Selection in Plants 151 Years after <i>the Origin</i>:,10.1086/657251,https://openalex.org/W2322861450,unreviewed
48,Spiraea japonica,Rosaceae,1,25,25,Color-advertising strategies of invasive plants through the bee eye,10.3389/fpls.2024.1393204,https://openalex.org/W4398218529,unreviewed
49,Antirrhinum majus,Plantaginaceae,18,24,212,The Genus Antirrhinum (Snapdragon): A Flowering Plant Model For Evolution And Development,10.5281/zenodo.13629,https://openalex.org/W2244929868,unreviewed
50,Posidonia oceanica,Posidoniaceae,2,24,37,"Evaluation of fodder legumes for nutraceutical, pharmaceutical and cosmetic applications",10.15167/pastorino-giulia_phd2018-05-04,https://openalex.org/W3088725398,unreviewed
51,Antirrhinum litigiosum,Plantaginaceae,1,24,24,The Genus Antirrhinum (Snapdragon): A Flowering Plant Model For Evolution And Development,10.5281/zenodo.13629,https://openalex.org/W2244929868,unreviewed
52,Antirrhinum meonanthum,Plantaginaceae,1,24,24,The Genus Antirrhinum (Snapdragon): A Flowering Plant Model For Evolution And Development,10.5281/zenodo.13629,https://openalex.org/W2244929868,unreviewed
53,Antirrhinum pulverulentum,Plantaginaceae,1,24,24,The Genus Antirrhinum (Snapdragon): A Flowering Plant Model For Evolution And Development,10.5281/zenodo.13629,https://openalex.org/W2244929868,unreviewed
54,Glycyrrhiza glabra,Fabaceae,1,24,24,"Evaluation of fodder legumes for nutraceutical, pharmaceutical and cosmetic applications",10.15167/pastorino-giulia_phd2018-05-04,https://openalex.org/W3088725398,unreviewed
55,Lespedeza capitata,Fabaceae,1,24,24,"Evaluation of fodder legumes for nutraceutical, pharmaceutical and cosmetic applications",10.15167/pastorino-giulia_phd2018-05-04,https://openalex.org/W3088725398,unreviewed
56,Melilotus officinalis,Fabaceae,1,24,24,"Evaluation of fodder legumes for nutraceutical, pharmaceutical and cosmetic applications",10.15167/pastorino-giulia_phd2018-05-04,https://openalex.org/W3088725398,unreviewed
57,Pelargonium grandiflorum,Geraniaceae,1,24,24,"Pigmented flower extracts of plant species from the Geraniaceae and Lamiaceae families as natural food colourants: anthocyanin composition, thermal and oxidative stability",10.1111/ijfs.15761,https://openalex.org/W4223938226,unreviewed
58,Pelargonium zonale,Geraniaceae,1,24,24,"Pigmented flower extracts of plant species from the Geraniaceae and Lamiaceae families as natural food colourants: anthocyanin composition, thermal and oxidative stability",10.1111/ijfs.15761,https://openalex.org/W4223938226,unreviewed
59,Plectranthus zuluensis,Lamiaceae,1,24,24,"Pigmented flower extracts of plant species from the Geraniaceae and Lamiaceae families as natural food colourants: anthocyanin composition, thermal and oxidative stability",10.1111/ijfs.15761,https://openalex.org/W4223938226,unreviewed
60,Salvia aurea,Lamiaceae,1,24,24,"Pigmented flower extracts of plant species from the Geraniaceae and Lamiaceae families as natural food colourants: anthocyanin composition, thermal and oxidative stability",10.1111/ijfs.15761,https://openalex.org/W4223938226,unreviewed
61,Salvia dolomitica,Lamiaceae,1,24,24,"Pigmented flower extracts of plant species from the Geraniaceae and Lamiaceae families as natural food colourants: anthocyanin composition, thermal and oxidative stability",10.1111/ijfs.15761,https://openalex.org/W4223938226,unreviewed
62,Sulla coronaria,Fabaceae,1,24,24,"Evaluation of fodder legumes for nutraceutical, pharmaceutical and cosmetic applications",10.15167/pastorino-giulia_phd2018-05-04,https://openalex.org/W3088725398,unreviewed
63,Raphanus sativus,Brassicaceae,13,23,166,Plant defense: a pre‐adaptation for pollinator shifts,10.1111/j.1469-8137.2009.02796.x,https://openalex.org/W2096069372,unreviewed
64,Linanthus parryae,Polemoniaceae,4,23,66,Plant defense: a pre‐adaptation for pollinator shifts,10.1111/j.1469-8137.2009.02796.x,https://openalex.org/W2096069372,unreviewed
65,Plantago lanceolata,Plantaginaceae,1,23,23,Plant defense: a pre‐adaptation for pollinator shifts,10.1111/j.1469-8137.2009.02796.x,https://openalex.org/W2096069372,unreviewed
66,Iris pumila,Iridaceae,6,21,92,"Phytochemical Analysis and Total Antioxidant Capacity of Rhizome, Above‐Ground Vegetative Parts and Flower of Three <i>Iris</i> Species",10.1002/cbdv.201800565,https://openalex.org/W2907376385,unreviewed
67,Phlox drummondii,Polemoniaceae,5,21,57,Variation in context‐dependent foraging behavior across pollinators,10.1002/ece3.4303,https://openalex.org/W2952521105,unreviewed
68,Phlox cuspidata,Polemoniaceae,2,21,33,Variation in context‐dependent foraging behavior across pollinators,10.1002/ece3.4303,https://openalex.org/W2952521105,unreviewed
69,Iris humilis,Iridaceae,1,21,21,"Phytochemical Analysis and Total Antioxidant Capacity of Rhizome, Above‐Ground Vegetative Parts and Flower of Three <i>Iris</i> Species",10.1002/cbdv.201800565,https://openalex.org/W2907376385,unreviewed
70,Iris variegata,Iridaceae,1,21,21,"Phytochemical Analysis and Total Antioxidant Capacity of Rhizome, Above‐Ground Vegetative Parts and Flower of Three <i>Iris</i> Species",10.1002/cbdv.201800565,https://openalex.org/W2907376385,unreviewed
71,Brassica napus,Brassicaceae,5,20,67,A genetic route to yellow flowers,10.1111/nph.13403,https://openalex.org/W1911252055,unreviewed
72,Chrysanthemum morifolium,Asteraceae,4,20,48,A genetic route to yellow flowers,10.1111/nph.13403,https://openalex.org/W1911252055,unreviewed
73,Adonis aestivalis,Ranunculaceae,1,20,20,A genetic route to yellow flowers,10.1111/nph.13403,https://openalex.org/W1911252055,unreviewed
74,Calendula officinalis,Asteraceae,1,20,20,A genetic route to yellow flowers,10.1111/nph.13403,https://openalex.org/W1911252055,unreviewed
75,Iris lutescens,Iridaceae,7,19,99,Are pollinators the agents of selection on flower colour and size in irises?,10.1111/oik.04501,https://openalex.org/W2769302125,unreviewed
76,Petunia axillaris,Solanaceae,3,19,43,Single Gene–Mediated Shift in Pollinator Attraction in <i>Petunia</i>,10.1105/tpc.106.048694,https://openalex.org/W2159890127,unreviewed
77,Petunia integrifolia,Solanaceae,3,19,43,Single Gene–Mediated Shift in Pollinator Attraction in <i>Petunia</i>,10.1105/tpc.106.048694,https://openalex.org/W2159890127,unreviewed
78,Anacamptis coriophora,Orchidaceae,1,19,19,Variability in Floral Scent in Rewarding and Deceptive Orchids: The Signature of Pollinator-imposed Selection?,10.1093/aob/mcm161,https://openalex.org/W2138229650,unreviewed
79,Anacamptis morio,Orchidaceae,1,19,19,Variability in Floral Scent in Rewarding and Deceptive Orchids: The Signature of Pollinator-imposed Selection?,10.1093/aob/mcm161,https://openalex.org/W2138229650,unreviewed
80,Barkeria whartoniana,Orchidaceae,1,19,19,"Pollination success in three tropical dry forest orchid species from Mexico: insights from floral display, visitation rates, and flower micromorphology",10.17129/botsci.2785,https://openalex.org/W3196739252,unreviewed
81,Caladenia fulva,Orchidaceae,1,19,19,Why Variation in Flower Color May Help Reproductive Success in the Endangered Australian Orchid Caladenia fulva,10.3389/fpls.2021.599874,https://openalex.org/W3126609450,unreviewed
82,Caladenia reticulata,Orchidaceae,1,19,19,Why Variation in Flower Color May Help Reproductive Success in the Endangered Australian Orchid Caladenia fulva,10.3389/fpls.2021.599874,https://openalex.org/W3126609450,unreviewed
83,Clowesia dodsoniana,Orchidaceae,1,19,19,"Pollination success in three tropical dry forest orchid species from Mexico: insights from floral display, visitation rates, and flower micromorphology",10.17129/botsci.2785,https://openalex.org/W3196739252,unreviewed
84,Cyrtopodium macrobulbon,Orchidaceae,1,19,19,"Pollination success in three tropical dry forest orchid species from Mexico: insights from floral display, visitation rates, and flower micromorphology",10.17129/botsci.2785,https://openalex.org/W3196739252,unreviewed
85,Gossypium barbadense,Malvaceae,1,19,19,Natural variation in Beauty Mark is associated with UV-based geographical adaptation in Gossypium species,10.1186/s12915-023-01591-5,https://openalex.org/W4376643434,unreviewed
86,Holcoglossum amesianum,Orchidaceae,1,19,19,A review of orchid pollination studies in China,10.1111/jse.12062,https://openalex.org/W1568327855,unreviewed
87,Metrosideros bartlettii,Myrtaceae,1,19,19,"Cross-pollination and pollen storage to assist conservation of Metrosideros bartlettii (Myrtaceae), a critically endangered tree from Aotearoa New Zealand",10.1071/pc21054,https://openalex.org/W4214645924,unreviewed
88,Metrosideros excelsa,Myrtaceae,1,19,19,"Cross-pollination and pollen storage to assist conservation of Metrosideros bartlettii (Myrtaceae), a critically endangered tree from Aotearoa New Zealand",10.1071/pc21054,https://openalex.org/W4214645924,unreviewed
89,Nicotiana benthamiana,Solanaceae,1,19,19,Natural variation in Beauty Mark is associated with UV-based geographical adaptation in Gossypium species,10.1186/s12915-023-01591-5,https://openalex.org/W4376643434,unreviewed
90,Paphiopedilum parishii,Orchidaceae,1,19,19,A review of orchid pollination studies in China,10.1111/jse.12062,https://openalex.org/W1568327855,unreviewed
91,Gymnadenia rhellicani,Orchidaceae,19,17,295,Kellenberger_etal_overdominance_TWAS_dataset.vcf.gz,10.6084/m9.figshare.7321880.v1,https://openalex.org/W4394493109,unreviewed
92,Gymnadenia conopsea,Orchidaceae,11,17,183,Kellenberger_etal_overdominance_TWAS_dataset.vcf.gz,10.6084/m9.figshare.7321880.v1,https://openalex.org/W4394493109,unreviewed
93,Raphanus raphanistrum,Brassicaceae,8,17,109,Long‐term persistence of crop alleles in weedy populations of wild radish ( <i>Raphanus raphanistrum</i> ),10.1111/j.1469-8137.2009.03172.x,https://openalex.org/W2138643700,unreviewed
94,Anemone pavonina,Ranunculaceae,7,17,90,Data for Heinze et al. (2026): <b>Flower colour polymorphism in the peacock anemone (</b><b><i>Anemone pavonina</i></b><b>) reflects spatiotemporal variation in pollinator abundance.</b> Am. J. Bot.,10.6084/m9.figshare.31301656,https://openalex.org/W7148717901,unreviewed
95,Impatiens capensis,Balsaminaceae,4,17,58,Spatial autocorrelation of genotypes in populations of Impatiens pallida and Impatiens capensis,10.1038/hdy.1989.90,https://openalex.org/W2030805890,unreviewed
96,Silene littorea,Caryophyllaceae,4,17,58,"The effects of pollination, herbivory and autonomous selfing on the maintenance of flower colour variation in<i>Silene</i><i>littorea</i>",10.1111/plb.13209,https://openalex.org/W3103775414,unreviewed
97,Boechera stricta,Brassicaceae,3,17,43,Natural quantitative genetic variance in plant growth differs in response to ecologically relevant temperature heterogeneity,10.1002/ece3.2482,https://openalex.org/W2528807907,unreviewed
98,Erythranthe discolor,Phrymaceae,3,17,43,Abiotic Environment Predicts Micro- but Not Macroevolutionary Patterns of Flower Color in Monkeyflowers (Phrymaceae),10.3389/fpls.2021.636133,https://openalex.org/W3142036716,unreviewed
99,Arum maculatum,Araceae,3,17,42,Spatial and temporal heterogeneity in pollinator communities maintains within‐species floral odour variation,10.1111/oik.08445,https://openalex.org/W3174819755,unreviewed
100,Pedicularis comosa,Orobanchaceae,3,17,42,"Lier génotypes, phénotypes et valeur sélective pour décrypter les traits et les régions génomiquesimpliquées dans l’adaptation et/ou l’isolement reproductif à travers des zones hybrides",,https://openalex.org/W7152949802,unreviewed
101,Aquilegia coerulea,Ranunculaceae,2,17,34,"In silico analysis of R2R3-MYB transcription factors in the basal eudicot model, Aquilegia coerulea",10.1007/s13205-024-04119-y,https://openalex.org/W4403868439,unreviewed
102,Impatiens balfourii,Balsaminaceae,2,17,34,The ability of seeds to float with water currents contributes to the invasion success of Impatiens balfourii and I. glandulifera,10.1007/s10265-020-01212-0,https://openalex.org/W3040342042,unreviewed
103,Ophrys insectifera,Orchidaceae,2,17,34,"Lier génotypes, phénotypes et valeur sélective pour décrypter les traits et les régions génomiquesimpliquées dans l’adaptation et/ou l’isolement reproductif à travers des zones hybrides",,https://openalex.org/W7152949802,unreviewed
104,Erythronium umbilicatum,Liliaceae,2,17,32,Evolution and Genetics of Floral Color Polymorphisms in Clarkia gracilis ssp. sonomensis and Erythronium umbilicatum,,https://openalex.org/W3034389613,unreviewed
105,Centaurea cyanus,Asteraceae,2,17,30,Selection on quantitative colour variation in<i>Centaurea cyanus</i>: the role of the pollinator's visual system,10.1111/jeb.12234,https://openalex.org/W2155063876,unreviewed
106,Cymbidium ensifolium,Orchidaceae,2,17,30,Genome-Wide Identification of the MYB Gene Family in Cymbidiumensifolium and Its Expression Analysis in Different Flower Colors,10.3390/ijms222413245,https://openalex.org/W4200052400,unreviewed
107,Eruca sativa,Brassicaceae,2,17,30,Natural Variation in Flower Color and Scent in Populations of Eruca sativa (Brassicaceae) Affects Pollination Behavior of Honey Bees,10.1093/jisesa/iez038,https://openalex.org/W2946516416,unreviewed
108,Gilia yorkii,Polemoniaceae,2,17,28,QTL analysis of floral morphology polymorphisms between <i>Gilia yorkii</i> and <i>G. capitata</i>,10.1101/2023.11.22.568340,https://openalex.org/W4388940790,unreviewed
109,Bletilla striata,Orchidaceae,2,17,25,Resequencing and Functional Analysis Revealed That BsDFR4 Could Cause the Formation of Different Flower Colors in Bletilla striata (Orchidaceae),10.3390/ijms26083555,https://openalex.org/W4409335954,unreviewed
110,Clarkia gracilis,Onagraceae,2,17,25,Evolution and Genetics of Floral Color Polymorphisms in Clarkia gracilis ssp. sonomensis and Erythronium umbilicatum,,https://openalex.org/W3034389613,unreviewed
111,Anisotome latifolia,Apiaceae,1,17,17,The Polar Palette - The role of flower colour in polar regions,,https://openalex.org/W53128573,unreviewed
112,Argemone polyanthemos,Papaveraceae,1,17,17,Vividly coloured poppy flowers due to dense pigmentation and strong scattering in thin petals,10.1007/s00359-018-01313-1,https://openalex.org/W2911787553,unreviewed
113,Bulbinella rossii,Asphodelaceae,1,17,17,The Polar Palette - The role of flower colour in polar regions,,https://openalex.org/W53128573,unreviewed
114,Campanula americana,Campanulaceae,1,17,17,The role of pollinator preference in the maintenance of pollen colour variation,10.1093/aob/mcy211,https://openalex.org/W2904166118,unreviewed
115,Coffea canephora,Rubiaceae,1,17,17,Genome-wide DNA polymorphisms in two peatland adapted Coffea liberica varieties,10.1186/s12863-025-01305-6,https://openalex.org/W4407572752,unreviewed
116,Coffea liberica,Rubiaceae,1,17,17,Genome-wide DNA polymorphisms in two peatland adapted Coffea liberica varieties,10.1186/s12863-025-01305-6,https://openalex.org/W4407572752,unreviewed
117,Dendrobium capra,Orchidaceae,1,17,17,Identification of early flowering mutant gene in Phalaenopsis amabilis (L.) Blume for sgRNA construction in CRISPR/Cas9 genome editing system,10.1590/1519-6984.268133,https://openalex.org/W4379415922,unreviewed
118,Diplacus mephiticus,Phrymaceae,1,17,17,Abiotic Environment Predicts Micro- but Not Macroevolutionary Patterns of Flower Color in Monkeyflowers (Phrymaceae),10.3389/fpls.2021.636133,https://openalex.org/W3142036716,unreviewed
119,Geranium maculatum,Geraniaceae,1,17,17,An automated pipeline for supervised classification of petal color from citizen science photographs,10.1002/aps3.11505,https://openalex.org/W4319834843,unreviewed
120,Gleditsia triacanthos,Fabaceae,1,17,17,"Comparative genetic structure of two co-occurring tree species, Maclura pomifera (Moraceae) and Gleditsia triacanthos (Leguminosae)",10.1038/hdy.1991.99,https://openalex.org/W2060520514,unreviewed
121,Impatiens pallida,Balsaminaceae,1,17,17,Spatial autocorrelation of genotypes in populations of Impatiens pallida and Impatiens capensis,10.1038/hdy.1989.90,https://openalex.org/W2030805890,unreviewed
122,Leavenworthia exigua,Brassicaceae,1,17,17,Reproductive character displacement shapes a spatially structured petal color polymorphism in<i>Leavenworthia stylosa</i>,10.1111/evo.12659,https://openalex.org/W2005881429,unreviewed
123,Leavenworthia stylosa,Brassicaceae,1,17,17,Reproductive character displacement shapes a spatially structured petal color polymorphism in<i>Leavenworthia stylosa</i>,10.1111/evo.12659,https://openalex.org/W2005881429,unreviewed
124,Lotus corniculatus,Fabaceae,1,17,17,"Variation in the colour of the keel petals in Lotus corniculatus L. 3. Pollination, herbivory and seed production",10.1038/hdy.1986.93,https://openalex.org/W1993223755,unreviewed
125,Lotus japonicus,Fabaceae,1,17,17,A single nucleotide polymorphism affects protein translation and leads to post‐anthesis color change variation in closely related <i>Lotus</i> species,10.1111/tpj.17188,https://openalex.org/W4405061685,unreviewed
126,Maclura pomifera,Moraceae,1,17,17,"Comparative genetic structure of two co-occurring tree species, Maclura pomifera (Moraceae) and Gleditsia triacanthos (Leguminosae)",10.1038/hdy.1991.99,https://openalex.org/W2060520514,unreviewed
127,Nicotiana glauca,Solanaceae,1,17,17,Floral colour variation of<i>Nicotiana glauca</i>in native and non‐native ranges: Testing the role of pollinators' perception and abiotic factors,10.1111/plb.13509,https://openalex.org/W4319295181,unreviewed
128,Pedicularis rex,Orobanchaceae,1,17,17,Geographic consistency and variation in conflicting selection generated by pollinators and seed predators,10.1093/aob/mcw097,https://openalex.org/W2468917534,unreviewed
129,Phalaenopsis amabilis,Orchidaceae,1,17,17,Identification of early flowering mutant gene in Phalaenopsis amabilis (L.) Blume for sgRNA construction in CRISPR/Cas9 genome editing system,10.1590/1519-6984.268133,https://openalex.org/W4379415922,unreviewed
130,Phalaenopsis aphrodite,Orchidaceae,1,17,17,Resequencing and Functional Analysis Revealed That BsDFR4 Could Cause the Formation of Different Flower Colors in Bletilla striata (Orchidaceae),10.3390/ijms26083555,https://openalex.org/W4409335954,unreviewed
131,Quercus aliena,Fagaceae,1,17,17,Frequency-dependent selection by tree squirrels: adaptive escape of nondormant white oaks,10.1093/beheco/arp169,https://openalex.org/W2105325656,unreviewed
132,Quercus serrata,Fagaceae,1,17,17,Frequency-dependent selection by tree squirrels: adaptive escape of nondormant white oaks,10.1093/beheco/arp169,https://openalex.org/W2105325656,unreviewed
133,Trillium hibbersonii,Melanthiaceae,1,17,17,Taxonomic study of Trillium ovatum forma hibbersonii,10.14288/1.0087047,https://openalex.org/W2974357600,unreviewed
134,Trillium ovatum,Melanthiaceae,1,17,17,Taxonomic study of Trillium ovatum forma hibbersonii,10.14288/1.0087047,https://openalex.org/W2974357600,unreviewed
135,Orychophragmus violaceus,Brassicaceae,4,16,45,Production of red‐flowered oilseed rape via the ectopic expression of <i><scp>O</scp>rychophragmus violaceus <scp>O</scp>v<scp>PAP</scp>2</i>,10.1111/pbi.12777,https://openalex.org/W2715887481,unreviewed
136,Begonia semperflorens,Begoniaceae,1,16,16,The Effect of Storage on the Absorption and Fluorescence Spectra of Petal Extracts of Selected Anthocyanin-Containing Flowers,10.3390/pr13061826,https://openalex.org/W4411156280,unreviewed
137,Buddleja japonica,Scrophulariaceae,1,16,16,The Effect of Storage on the Absorption and Fluorescence Spectra of Petal Extracts of Selected Anthocyanin-Containing Flowers,10.3390/pr13061826,https://openalex.org/W4411156280,unreviewed
138,Desmodium scorpiurus,Fabaceae,1,16,16,"A review of Desmodium s.l. (Leguminosae, subfamily Papilionoideae) in Singapore and nomenclature updates in the Malay Peninsula",10.26492/gbs73(1).2021-06,https://openalex.org/W3169002373,unreviewed
139,Grona heterocarpos,Fabaceae,1,16,16,"A review of Desmodium s.l. (Leguminosae, subfamily Papilionoideae) in Singapore and nomenclature updates in the Malay Peninsula",10.26492/gbs73(1).2021-06,https://openalex.org/W3169002373,unreviewed
140,Pleurolobus gangeticus,Fabaceae,1,16,16,"A review of Desmodium s.l. (Leguminosae, subfamily Papilionoideae) in Singapore and nomenclature updates in the Malay Peninsula",10.26492/gbs73(1).2021-06,https://openalex.org/W3169002373,unreviewed
141,Trifolium pratense,Fabaceae,1,16,16,The Effect of Storage on the Absorption and Fluorescence Spectra of Petal Extracts of Selected Anthocyanin-Containing Flowers,10.3390/pr13061826,https://openalex.org/W4411156280,unreviewed
142,Ipomoea purpurea,Convolvulaceae,25,15,312,"First-pollination primacy and pollen selection in the morning glory, Ipomoea purpurea",10.1038/hdy.1987.2,https://openalex.org/W2015791415,unreviewed
143,Gentiana lutea,Gentianaceae,22,15,199,"Peer Review #1 of ""Differences in pollination success between local and foreign flower color phenotypes: a translocation experiment with Gentiana lutea (Gentianaceae) (v0.2)""",10.7287/peerj.2882v0.2/reviews/1,https://openalex.org/W4244386631,unreviewed
144,Dactylorhiza sambucina,Orchidaceae,10,15,131,Effects of local density and flower colour polymorphism on pollination and reproduction in the rewardless orchid Dactylorhiza sambucina (L.) So�,10.1007/s00606-004-0248-6,https://openalex.org/W2005484149,unreviewed
145,Anemone coronaria,Ranunculaceae,8,15,108,"Flower Colour Polymorphism, Pollination Modes, Breeding System and Gene Flow in Anemone coronaria",10.3390/plants9030397,https://openalex.org/W3012794590,unreviewed
146,Hesperis matronalis,Brassicaceae,5,15,59,"Color, size, shape: The drivers of floral variation in Hesperis matronalis (Dames Rocket)",10.1101/2025.10.16.682931,https://openalex.org/W4415272617,unreviewed
147,Orchis mascula,Orchidaceae,4,15,56,"Peer Review #3 of ""Fluctuating selection across years and phenotypic variation in food-deceptive orchids (v0.1)""",10.7287/peerj.3704v0.1/reviews/3,https://openalex.org/W4239568335,unreviewed
148,Ionopsis utricularioides,Orchidaceae,3,15,45,A cognitive analysis of deceptive pollination: associative mechanisms underlying pollinators’ choices in non-rewarding colour polymorphic scenarios,10.1038/s41598-020-66356-4,https://openalex.org/W3035443009,unreviewed
149,Bixa orellana,Bixaceae,3,15,41,"Floral, reproductive biology and morphological variation in annatto (Bixa orellana L.)",10.37992/2020.1102.076,https://openalex.org/W3092134228,unreviewed
150,Mimulus ringens,Phrymaceae,3,15,40,Multiple pollinator visits to <i>Mimulus ringens</i> (Phrymaceae) flowers increase mate number and seed set within fruits,10.3732/ajb.93.9.1306,https://openalex.org/W2107602903,unreviewed
151,Wahlenbergia albomarginata,Campanulaceae,3,15,36,Where have all the blue flowers gone: pollinator responses and selection on flower colour in New Zealand<i>Wahlenbergia albomarginata</i>,10.1111/j.1420-9101.2011.02430.x,https://openalex.org/W1731095030,unreviewed
152,Cyrtanthus obliquus,Amaryllidaceae,2,15,30,The role of secondary pollinators in the evolution of complex colour signals in a bimodal pollination system,10.1101/2025.06.01.657234,https://openalex.org/W4411035541,unreviewed
153,Hemerocallis fulva,Asphodelaceae,2,15,30,"Pollinator-Mediated Selection on Flower Color, Flower Scent and Flower Morphology of Hemerocallis: Evidence from Genotyping Individual Pollen Grains On the Stigma",10.1371/journal.pone.0085601,https://openalex.org/W1992492089,unreviewed
154,Cicer arietinum,Fabaceae,2,15,28,Multiple post‐domestication origins of<i>kabuli</i>chickpea through allelic variation in a diversification‐associated transcription factor,10.1111/nph.14010,https://openalex.org/W2407372307,unreviewed
155,Curcuma caulina,Zingiberaceae,2,15,28,"A tale of three morphs I: Variations in nectar, reproductive compatibility, and abundance explain reproductive success of the morphs in a polymorphic ginger from Western Ghats, India",10.1101/2024.09.21.614269,https://openalex.org/W4402799074,unreviewed
156,Cypripedium calceolus,Orchidaceae,2,15,28,Does the Rarity of a Flower’s Scent Phenotype in a Deceptive Orchid Explain Its Pollination Success?,10.3389/fpls.2020.584081,https://openalex.org/W3111865195,unreviewed
157,Gentiana leucomelaena,Gentianaceae,2,15,28,Pollinator preference and pollen viability mediated by flower color synergistically determine seed set in an Alpine annual herb,10.1002/ece3.2899,https://openalex.org/W2601496711,unreviewed
158,Leptosiphon parviflorus,Polemoniaceae,2,15,28,Flower Color Variation and its Maintenance: Experimental Ecology of Serpentine-Adapted Leptosiphon parviflorus Benth. (Polemoniaceae),,https://openalex.org/W7114831063,unreviewed
159,Ophrys arachnitiformis,Orchidaceae,2,15,28,Hybrid floral scent novelty drives pollinator shift in sexually deceptive orchids,10.1186/1471-2148-10-103,https://openalex.org/W2006703176,unreviewed
160,Punica granatum,Lythraceae,2,15,28,Exploring the influence of petal and stamen color on pollinator and reproductive success in &lt;i&gt;Punica granatum&lt;/i&gt;,10.17520/biods.2022633,https://openalex.org/W4387146721,unreviewed
161,Cypripedium candidum,Orchidaceae,2,15,23,Effects of pollination limitation and seed predation on female reproductive success of a deceptive orchid,10.1093/aobpla/plu031,https://openalex.org/W2100102900,unreviewed
162,Vigna unguiculata,Fabaceae,2,15,23,Investigation of Cowpea (Vigna unguiculata (L.) Walp.)–Insect Pollinator Interactions Aiming to Increase Cowpea Yield and Define New Breeding Tools,10.3390/ecologies4010010,https://openalex.org/W4320728235,unreviewed
163,Vitis vinifera,Vitaceae,2,15,23,"Colour variation in red grapevines (Vitis vinifera L.): genomic organisation, expression of flavonoid 3'-hydroxylase, flavonoid 3',5'-hydroxylase genes and related metabolite profiling of red cyanidin-/blue delphinidin-based anthocyanins in berry skin",10.1186/1471-2164-7-12,https://openalex.org/W1530636496,unreviewed
164,Abronia fragrans,Nyctaginaceae,1,15,15,"Pollinator, herbivore, and climatic selective pressures differ across a floral color transition zone",10.1002/ajb2.70142,https://openalex.org/W4417447151,unreviewed
165,Aloe petricola,Asphodelaceae,1,15,15,"Does colour matter? Flower colour polymorphism, pollinator visitation and reproductive success in the endemic Aloe petricola",10.1016/j.sajb.2018.02.109,https://openalex.org/W2796240393,unreviewed
166,Anemone palmata,Ranunculaceae,1,15,15,Pollinator response to yellow <scp>UV</scp>‐patterned versus white <scp>UV</scp>‐patternless flower dimorphism in <i>Anemone palmata</i>,10.1111/plb.13702,https://openalex.org/W4402126765,unreviewed
167,Callianthe sellowiana,Malvaceae,1,15,15,Mixed Bat‐Hummingbird Pollination Assures Reproductive Success in a Highly Variable Upper Montane Species,10.1002/ece3.72391,https://openalex.org/W4415489051,unreviewed
168,Castilleja miniata,Orobanchaceae,1,15,15,CONTEXT-DEPENDENT POLLINATOR BEHAVIOR: AN EXPLANATION FOR PATTERNS OF HYBRIDIZATION AMONG THREE SPECIES OF INDIAN PAINTBRUSH,10.1111/j.1558-5646.2007.00009.x,https://openalex.org/W2110914921,unreviewed
169,Convolvulus arvensis,Convolvulaceae,1,15,15,Spatial patterns of flower colour variation in native and introduced ranges of<i>Convolvulus arvensis</i>(Convolvulaceae) revealed by citizen‐science data and machine learning,10.1111/plb.13537,https://openalex.org/W4376223817,unreviewed
170,Cosmos bipinnatus,Asteraceae,1,15,15,Pollinator response to flower color polymorphism and floral display in a plant with a single‐locus floral color polymorphism: consequences for plant reproduction,10.1007/s11284-011-0908-2,https://openalex.org/W2049016796,unreviewed
171,Delphinium occidentale,Ranunculaceae,1,15,15,Pollination Ecology and Breeding System of Delphinium Occidentale,10.13001/uwnpsrc.1993.3155,https://openalex.org/W814389185,unreviewed
172,Dendrobium nobile,Orchidaceae,1,15,15,Transcriptome and metabolome analysis reveals the effect of flavonoids on flower color variation in Dendrobium nobile Lindl.,10.3389/fpls.2023.1220507,https://openalex.org/W4386086422,unreviewed
173,Disa ferruginea,Orchidaceae,1,15,15,Pollination and the evolution of floral traits : selected studies in the Cape flora,,https://openalex.org/W2512943397,unreviewed
174,Fritillaria delavayi,Liliaceae,1,15,15,Pollinator shift ensures reproductive success in a camouflaged alpine plant,10.1093/aob/mcae075,https://openalex.org/W4396777901,unreviewed
175,Gelsemium sempervirens,Gelsemiaceae,1,15,15,Correlations among traits associated with herbivore resistance and pollination: implications for pollination and nectar robbing in a distylous plant,10.3732/ajb.93.1.64,https://openalex.org/W2106263507,unreviewed
176,Geranium nepalense,Geraniaceae,1,15,15,Flower Colour Polymorphism in<i>Geranium nepalense</i>(Geraniaceae): Adaptation to Non-Pollinator Agents,10.3161/15052249pje2016.64.4.007,https://openalex.org/W2588750614,unreviewed
177,Gladiolus longicollis,Iridaceae,1,15,15,Pollinator behaviour and plant speciation: can assortative mating and disruptive selection maintain distinct floral morphs in sympatry?,10.1111/j.1469-8137.2010.03438.x,https://openalex.org/W2171717981,unreviewed
178,Heliconia caribaea,Heliconiaceae,1,15,15,Pollinator Competition as a Driver of Floral Divergence: An Experimental Test,10.1371/journal.pone.0146431,https://openalex.org/W2418724594,unreviewed
179,Helleborus foetidus,Ranunculaceae,1,15,15,"Plant Traits, Environmental Factors, and Pollinator Visitation in Winter-flowering Helleborus foetidus (Ranunculaceae)",10.1093/aob/mci236,https://openalex.org/W2088748499,unreviewed
180,Iris bulleyana,Iridaceae,1,15,15,Transcriptome Analysis of Key Genes Involved in Color Variation between Blue and White Flowers of <i>Iris bulleyana</i>,10.1155/2023/7407772,https://openalex.org/W4317356326,unreviewed
181,Linum pubescens,Linaceae,1,15,15,Pollinator‐mediated selection on floral size and tube color in<i>Linum pubescens</i>: Can differential behavior and preference in different times of the day maintain dimorphism?,10.1002/ece3.3683,https://openalex.org/W2780691752,unreviewed
182,Lupinus argenteus,Fabaceae,1,15,15,Consequences of pollen defense compounds for pollinators and antagonists in a pollen‐rewarding plant,10.1002/ecy.4306,https://openalex.org/W4394618967,unreviewed
183,Lupinus perennis,Fabaceae,1,15,15,Effects of Flower Color on Pollination and Seed Production in Lupinus Perennis,,https://openalex.org/W3041830603,unreviewed
184,Onobrychis viciifolia,Fabaceae,1,15,15,Transcriptomic and chemical analyses to identify candidate genes involved in color variation of sainfoin flowers,10.1186/s12870-021-02827-8,https://openalex.org/W3125870862,unreviewed
185,Orchis purpurea,Orchidaceae,1,15,15,Lack of strong selection pressures maintains wide variation in floral traits in a food-deceptive orchid,10.1093/aob/mcaa080,https://openalex.org/W3020423373,unreviewed
186,Paeonia ostii,Paeoniaceae,1,15,15,Extensive Transcriptome Changes Underlying the Flower Color Intensity Variation in Paeonia ostii,10.3389/fpls.2015.01205,https://openalex.org/W2269328582,unreviewed
187,Rhododendron arboreum,Ericaceae,1,15,15,"Altitudinal variation in flower color and attraction pattern of Rhododendron arboreum Sm. in central Himalayan Region of Uttarakhand, India",10.1163/22238980-bja10061,https://openalex.org/W4281817580,unreviewed
188,Saponaria officinalis,Caryophyllaceae,1,15,15,Sexual Dimorphism of Staminate- and Pistillate-Phase Flowers of Saponaria officinalis (Bouncing Bet) Affects Pollinator Behavior and Seed Set,10.1371/journal.pone.0093615,https://openalex.org/W2053488741,unreviewed
189,Trillium discolor,Melanthiaceae,1,15,15,"Pollinators exert selection on floral traits in a pollen‐limited, narrowly endemic spring ephemeral",10.1002/ajb2.16101,https://openalex.org/W4308891420,unreviewed
190,Vaccinium corymbosum,Ericaceae,1,15,15,Crop Domestication Alters Floral Reward Chemistry With Potential Consequences for Pollinator Health,10.3389/fpls.2018.01357,https://openalex.org/W2892712215,unreviewed
191,Wurfbainia villosa,Zingiberaceae,1,15,15,A visual pollination mechanism of a new specialized pollinating weevil-plant reciprocity system,10.3389/fpls.2024.1432263,https://openalex.org/W4401650323,unreviewed
192,Zinnia elegans,Asteraceae,1,15,15,"Gamma rays induced variations in seed germination, growth and phenotypic characteristics of Zinnia elegans var. Dreamland",10.13128/ahs-20289,https://openalex.org/W2782217468,unreviewed
193,Lysimachia arvensis,Primulaceae,10,13,130,Changes at a Critical Branchpoint in the Anthocyanin Biosynthetic Pathway Underlie the Blue to Orange Flower Color Transition in Lysimachia arvensis,10.3389/fpls.2021.633979,https://openalex.org/W3132399020,unreviewed
194,Cirsium japonicum,Asteraceae,4,13,52,Phylotranscriptomics and genome-size evidence clarify the Taiwanese Cirsium japonicum complex and delimit C. brevicaule and allied East Asian thistles,10.6084/m9.figshare.c.8385635.v1,https://openalex.org/W7141763747,unreviewed
195,Lysimachia monelli,Primulaceae,4,13,52,A multiscale approach to understanding the shared blue-orange flower color polymorphism in two <i>Lysimachia</i> species,,https://openalex.org/W7163780029,unreviewed
196,Digitalis purpurea,Plantaginaceae,5,13,45,Scarcity of Flower Colour Polymorphism in Field Populations of Digitalis purpurea L.,10.1016/s0367-2530(17)30241-4,https://openalex.org/W2495157178,unreviewed
197,Butomus umbellatus,Butomaceae,3,13,39,Asymmetric pollen–pistil interactions contribute to maintaining floral colour polymorphism in a clonal aquatic plant (Butomus umbellatus L.),10.1016/j.aquabot.2012.12.007,https://openalex.org/W2025476323,unreviewed
198,Castilleja coccinea,Orobanchaceae,3,13,39,Floral bract color of Castilleja coccinea may influence seed viability,,https://openalex.org/W326681242,unreviewed
199,Parrya nudicaulis,Brassicaceae,3,13,39,Arctic Mustard Flower Color Polymorphism Controlled by Petal-Specific Downregulation at the Threshold of the Anthocyanin Biosynthetic Pathway,10.1371/journal.pone.0018230,https://openalex.org/W2145916438,unreviewed
200,Brassica rapa,Brassicaceae,4,13,37,Direct and indirect assortative mating: a multivariate approach to plant flowering schedules,10.1111/j.1420-9101.2005.00891.x,https://openalex.org/W2141312491,unreviewed
201,Prunus persica,Rosaceae,4,13,37,Identification of differentially expressed genes associated with flower color in peach using genome-wide transcriptional analysis,10.4238/2015.may.11.5,https://openalex.org/W2127682752,unreviewed
202,Brassica oleracea,Brassicaceae,3,13,34,Development of an Insect Herbivore and its Pupal Parasitoid Reflect Differences in Direct Plant Defense,10.1007/s10886-007-9323-0,https://openalex.org/W2127663528,unreviewed
203,Camellia japonica,Theaceae,3,13,29,Unraveling the Regulatory Mechanism of Color Diversity in Camellia japonica Petals by Integrative Transcriptome and Metabolome Analysis,10.3389/fpls.2021.685136,https://openalex.org/W3168977922,unreviewed
204,Arachis hypogaea,Fabaceae,2,13,26,Transcriptional networks orchestrating red and pink testa color in peanut,10.1186/s12870-023-04041-0,https://openalex.org/W4317402205,unreviewed
205,Chiloglottis trapeziformis,Orchidaceae,2,13,26,Anthocyanin and Flavonol Glycoside Metabolic Pathways Underpin Floral Color Mimicry and Contrast in a Sexually Deceptive Orchid,10.3389/fpls.2022.860997,https://openalex.org/W4220880514,unreviewed
206,Cymbidium lowianum,Orchidaceae,2,13,26,Selection and Validation of Reference Genes for Quantitative Real-Time PCR Analysis of Development and Tissue-Dependent Flower Color Formation in Cymbidium lowianum,10.3390/ijms23020738,https://openalex.org/W4205161355,unreviewed
207,Datura stramonium,Solanaceae,2,13,26,"ANTHER-STIGMA SEPARATION IS ASSOCIATED WITH INBREEDING DEPRESSION IN DATURA STRAMONIUM, A PREDOMINANTLY SELF-FERTILIZING ANNUAL",10.1111/j.0014-3820.2002.tb00143.x,https://openalex.org/W2071810889,unreviewed
208,Fagus sylvatica,Fagaceae,2,13,26,Genetic structure of natural stands of Fagus sylvatica L. (beech),10.1038/hdy.1994.37,https://openalex.org/W2334041803,unreviewed
209,Geranium thunbergii,Geraniaceae,2,13,26,Development and characterization of nuclear microsatellite markers to reveal the neutral demographic background of flower color polymorphism in &lt;i&gt;Geranium thunbergii&lt;/i&gt; (Geraniaceae),10.1266/ggs.20-00062,https://openalex.org/W3155587122,unreviewed
210,Hepatica nobilis,Ranunculaceae,2,13,26,Flower color polymorphism in Hepatica nobilis var. japonica with reference to genetic backgrounds and reproductive success,10.14989/doctor.k21875,https://openalex.org/W2957429669,unreviewed
211,Ipomoea hederacea,Convolvulaceae,2,13,26,"Ecological, Physiological and Molecular Population Genetics of a Single-locus Leaf Shape Cline in Ivyleaf Morning Glory, Ipomoea hederacea",,https://openalex.org/W2726746889,unreviewed
212,Ipomoea lacunosa,Convolvulaceae,2,13,26,Selection favors loss of floral pigmentation in a highly selfing morning glory,10.1371/journal.pone.0231263,https://openalex.org/W3016211365,unreviewed
213,Medicago sativa,Fabaceae,2,13,26,Adaptive Mechanisms of White-Flowered Alfalfa (Medicago sativa L.) in High-Altitude Cold and Saline–Alkali Environments,10.3390/biology15050414,https://openalex.org/W7133356404,unreviewed
214,Primula vulgaris,Primulaceae,2,13,26,Colour polymorphism in common primrose (Primula vulgaris Huds.): many colours–many species?,10.1007/s00606-013-0780-3,https://openalex.org/W2143398318,unreviewed
215,Rhododendron cyanocarpum,Ericaceae,2,13,26,"Flower Color Polymorphism in Rhododendron cyanocarpum (Ericaceae), an Endangered Alpine Species Endemic to NW Yunnan, China",10.7677/ynzwyj201514068,https://openalex.org/W2353049633,unreviewed
216,Stellera chamaejasme,Thymelaeaceae,2,13,26,Canalized gene regulatory networks stabilize floral polymorphism and enable modular transgressive expression,10.64898/2026.04.16.719044,https://openalex.org/W7155106124,unreviewed
217,Trillium sessile,Melanthiaceae,2,13,26,BIOCHEMICAL BASIS OF FLORAL COLOR POLYMORPHISM IN A HETEROCYANIC POPULATION OF TRILLIUM SESSILE (LILIACEAE),10.1002/j.1537-2197.1989.tb11280.x,https://openalex.org/W2007736589,unreviewed
218,Epimedium pubescens,Berberidaceae,2,13,25,Pollen competition between morphs in a pollen-color dimorphic herb and the loss of phenotypic polymorphism within populations,10.1111/evo.13445,https://openalex.org/W2789602613,unreviewed
219,Allium schoenoprasum,Amaryllidaceae,2,13,21,Inbreeding depression and the outcrossing rate in natural populations of Allium schoenoprasum L. (wild chives),10.1038/hdy.1988.40,https://openalex.org/W1987085529,unreviewed
220,Euphorbia pulcherrima,Euphorbiaceae,2,13,21,Development of a multiplex amplicon‐sequencing assay to detect low‐frequency mutations in poinsettia (<i>Euphorbia pulcherrima</i>) breeding programmes,10.1111/pbr.12925,https://openalex.org/W3165016570,unreviewed
221,Hydrangea macrophylla,Hydrangeaceae,2,13,21,Comparative Transcriptome Analysis Unveils the Molecular Mechanism Underlying Sepal Colour Changes under Acidic pH Substratum in Hydrangea macrophylla,10.3390/ijms232315428,https://openalex.org/W4311664423,unreviewed
222,Tecomella undulata,Bignoniaceae,2,13,20,Artificial intelligence-based classification of flower colour polymorphism for conservation and genetic resource management of <i>Tecomella undulata</i> (Sm) Seem,10.1017/s1479262125100440,https://openalex.org/W4417152542,unreviewed
223,Acer pictum,Sapindaceae,1,13,13,The functional significance of a stigma color polymorphism in Acer pictum subsp. mono (Aceraceae),10.1093/jpe/rtv018,https://openalex.org/W1986840127,unreviewed
224,Acer saccharum,Sapindaceae,1,13,13,Spatial genetic structure within three sugar maple (Acer saccharum Marsh.) stands,10.1038/hdy.1991.17,https://openalex.org/W2091418049,unreviewed
225,Anemone davidii,Ranunculaceae,1,13,13,Population Structure and Prediction of Potential Suitable Areas of Anemone davidii Franch. (Ranunculaceae) from Southwestern China,10.3390/f17020207,https://openalex.org/W7127612203,unreviewed
226,Anthurium andraeanum,Araceae,1,13,13,Comparative transcriptomic analysis reveals key components controlling spathe color in Anthurium andraeanum (Hort.),10.1371/journal.pone.0261364,https://openalex.org/W4225762892,unreviewed
227,Aquilegia rockii,Ranunculaceae,1,13,13,Quantitative nectar spur length governs nonrandom mating in a bee-pollinated Aquilegia species,10.1016/j.pld.2025.01.005,https://openalex.org/W4406934386,unreviewed
228,Arabidopsis halleri,Brassicaceae,1,13,13,Herbivore-Mediated Interaction Promotes the Maintenance of Trichome Dimorphism through Negative Frequency-Dependent Selection,10.1086/692603,https://openalex.org/W2624181143,unreviewed
229,Argentina anserina,Rosaceae,1,13,13,The Evolutionary Ecology of Ultraviolet Floral Pigmentation,,https://openalex.org/W2254120064,unreviewed
230,Argyreia mekongensis,Convolvulaceae,1,13,13,Near extinct <i>Argyreia versicolor</i> and rare <i>Argyreia mekongensis</i> are dependent on carpenter bee pollinators,10.1093/aobpla/plae001,https://openalex.org/W4390974280,unreviewed
231,Argyreia versicolor,Convolvulaceae,1,13,13,Near extinct <i>Argyreia versicolor</i> and rare <i>Argyreia mekongensis</i> are dependent on carpenter bee pollinators,10.1093/aobpla/plae001,https://openalex.org/W4390974280,unreviewed
232,Atherosperma moschatum,Atherospermataceae,1,13,13,The spatial genetic structure in natural populations of the Australian temperate rainforest tree Atherosperma moschatum (Labill.) (Monimiaceae),10.1038/hdy.1995.4,https://openalex.org/W2019239376,unreviewed
233,Baccharis pilularis,Asteraceae,1,13,13,Interactions between insect herbivores and a plant architectural dimorphism,10.1111/j.1365-2745.2006.01161.x,https://openalex.org/W2095090081,unreviewed
234,Beta vulgaris,Amaranthaceae,1,13,13,Effects of fine-scale genetic structure on male mating success in gynodioecious<i>Beta vulgaris</i>ssp.<i>maritima</i>,10.1111/j.1365-294x.2010.04586.x,https://openalex.org/W1983316410,unreviewed
235,Bienertia cycloptera,Amaranthaceae,1,13,13,Foliage colour influence on seed germination of <b> <i>Bienertia cycloptera</i> </b> in Arabian deserts,10.1111/njb.00974,https://openalex.org/W2314337769,unreviewed
236,Bombax ceiba,Malvaceae,1,13,13,Adaptive significance of yellow flowered Bombax ceiba (Malvaceae),10.17520/biods.2019003,https://openalex.org/W2953694532,unreviewed
237,Bulbophyllum occultum,Orchidaceae,1,13,13,Spatial patterns of AFLP diversity in Bulbophyllum occultum (Orchidaceae) indicate long-term refugial isolation in Madagascar and long-distance colonization effects in La Réunion,10.1038/hdy.2016.1,https://openalex.org/W2278649468,unreviewed
238,Bupleurum chinense,Apiaceae,1,13,13,"Integrated metabolomics and transcriptomics analysis of roots of Bupleurum chinense and B. scorzonerifolium, two sources of medicinal Chaihu",10.1038/s41598-022-27019-8,https://openalex.org/W4312220125,unreviewed
239,Caladenia denticulata,Orchidaceae,1,13,13,"Fine-tuned terpene synthase gene expression, functional promiscuity, and subcellular localization: implications for the evolution of complex floral volatile bouquet in <i>Caladenia</i> orchids",10.1093/pcp/pcaf026,https://openalex.org/W4408248667,unreviewed
240,Caldesia grandis,Alismataceae,1,13,13,"Fine-scale spatial genetic structure of an endangered marsh herb, Caldesia grandis (Alismataceae)",10.4238/2012.may.18.10,https://openalex.org/W2329801602,unreviewed
241,Canna glauca,Cannaceae,1,13,13,Integrated Metabolome and Transcriptome Analyses Reveal That the Flavonoid Metabolic Pathway Is Associated with Pigment Differential Accumulation in Two Colors of Petaloid Staminodes in Canna glauca,10.3390/horticulturae10040372,https://openalex.org/W4394580171,unreviewed
242,Cattleya walkeriana,Orchidaceae,1,13,13,Intrafloral Color Modularity in a Bee-Pollinated Orchid,10.3389/fpls.2020.589300,https://openalex.org/W3098890293,unreviewed
243,Ceropegia lodarensis,Apocynaceae,1,13,13,Evaluating the Efficacy of Three DNA Barcodes in Identifying the Medicinal Species Ceropegia lodarensis (Lavranos) Bruyns (Apocynaceae),10.21608/ejbo.2023.189298.2235,https://openalex.org/W4385456851,unreviewed
244,Cirsium purpuratum,Asteraceae,1,13,13,How do floral display size and the density of surrounding flowers influence the likelihood of bumble bee revisitation to a plant?,10.1111/j.1365-2435.2006.01211.x,https://openalex.org/W2121208434,unreviewed
245,Cryptocarya moschata,Lauraceae,1,13,13,Estrutura genética intrapopulacional em Cryptocarya moschata Nees (Lauraceae),10.1590/s0100-84042004000300008,https://openalex.org/W2106664753,unreviewed
246,Cunninghamia lanceolata,Cupressaceae,1,13,13,Profiling of Widely Targeted Metabolomics for the Identification of Secondary Metabolites in Heartwood and Sapwood of the Red-Heart Chinese Fir (Cunninghamia Lanceolata),10.3390/f11080897,https://openalex.org/W3064052193,unreviewed
247,Cylindropuntia wolfii,Cactaceae,1,13,13,Influence of Sexual Dimorphism and Dichromatism on Reproductive Success in a Rare Native Cactus,10.21203/rs.3.rs-2607383/v1,https://openalex.org/W4366199300,unreviewed
248,Cymbidium kanran,Orchidaceae,1,13,13,Anthocyanin Genes Involved in the Flower Coloration Mechanisms of Cymbidium kanran,10.3389/fpls.2021.737815,https://openalex.org/W3207916119,unreviewed
249,Cypripedium guttatum,Orchidaceae,1,13,13,Conservation issues and infraspecific polymorphism of Cypripedium guttatum on selected locations in Russia,10.24189/ncr.2020.054,https://openalex.org/W3085036340,unreviewed
250,Dactylorhiza romana,Orchidaceae,1,13,13,Systematics and evolution of the Dactylorhiza romana/sambucina polyploid complex (Orchidaceae),10.1111/j.1095-8339.2006.00573.x,https://openalex.org/W2131150101,unreviewed
251,Datura wrightii,Solanaceae,1,13,13,Herbivore-mediated negative frequency-dependent selection underlies a trichome dimorphism in nature,10.1002/evl3.157,https://openalex.org/W3000151322,unreviewed
252,Diospyros celebica,Ebenaceae,1,13,13,"Phenotypic and Estimated Genetic Variability in Endemic Diospyros celebica Bakh. and Widely-spread D. blancoi A.Dc. Cultivated at Purwodadi Botanic Garden, Indonesia",10.4308/hjb.31.4.781-792,https://openalex.org/W4393947745,unreviewed
253,Drosera cistiflora,Droseraceae,1,13,13,Breeding systems of floral colour forms in the<i>Drosera cistiflora</i>species complex,10.1111/plb.13159,https://openalex.org/W3044245703,unreviewed
254,Encelia farinosa,Asteraceae,1,13,13,Population structure and natural selection across a flower color polymorphism in the desert plant <i>Encelia farinosa</i>,10.1002/ajb2.16413,https://openalex.org/W4403034968,unreviewed
255,Epidendrum fulgens,Orchidaceae,1,13,13,The consequences of flower colour polymorphism on the reproductive success of a neotropical deceptive orchid,10.1111/plb.70020,https://openalex.org/W4409038671,unreviewed
256,Erythronium dens-canis,Liliaceae,1,13,13,The white flowering dog's-tooth-violet ( <i>Erythronium dens-canis</i> L.) on Požeška Gora,10.46232/glashbod.13.2.3,https://openalex.org/W7125580814,unreviewed
257,Gerbera jamesonii,Asteraceae,1,13,13,Calorimetric Analysis of Gerbera Flowers,10.21273/hortsci.28.7.735,https://openalex.org/W2271477601,unreviewed
258,Gossypium hirsutum,Malvaceae,1,13,13,Comparative Metabolome and Transcriptome Analysis of Anthocyanin Biosynthesis in White and Pink Petals of Cotton (Gossypium hirsutum L.),10.3390/ijms231710137,https://openalex.org/W4294733137,unreviewed
259,Heliamphora tatei,Sarraceniaceae,1,13,13,Recruitment of Sugar Transport and Scent Volatile Genes for Prey Attraction in the Nectar Spoon of <i>Heliamphora tatei</i>,10.1111/ede.70009,https://openalex.org/W4410705724,unreviewed
260,Heliconia irrasa,Heliconiaceae,1,13,13,Long-Tailed Hermit Hummingbird Visits to Inflorescence Color Morphs of Heliconia irrasa,10.2307/1367077,https://openalex.org/W2328833611,unreviewed
261,Hexastylis heterophylla,Aristolochiaceae,1,13,13,An elevational cline in leaf variegation: Testing anti‐herbivory and abiotic heterogeneity hypotheses in maintaining a polymorphism,10.1002/ajb2.16411,https://openalex.org/W4402894733,unreviewed
262,Hibiscus mutabilis,Malvaceae,1,13,13,"A High-Quality, Chromosome-Level Genome Provides Insights Into Determinate Flowering Time and Color of Cotton Rose (Hibiscus mutabilis)",10.3389/fpls.2022.818206,https://openalex.org/W4212871416,unreviewed
263,Hydrophyllum appendiculatum,Hydrophyllaceae,1,13,13,Reproductive Consequences of a Flower Color Polymorphism in Hydrophyllum appendiculatum,10.2307/2426522,https://openalex.org/W2313736393,unreviewed
264,Iochroma calycinum,Solanaceae,1,13,13,Genetic basis for a rare floral mutant in an Andean species of Solanaceae,10.3732/ajb.1400395,https://openalex.org/W2152437909,unreviewed
265,Ipomopsis aggregata,Polemoniaceae,1,13,13,Genetic Mapping Reveals an Anthocyanin Biosynthesis Pathway Gene Potentially Influencing Evolutionary Divergence between Two Subspecies of Scarlet Gilia (Ipomopsis aggregata),10.1093/molbev/msx318,https://openalex.org/W2771196781,unreviewed
266,Iris germanica,Iridaceae,1,13,13,Association Analysis of Transcriptome and Targeted Metabolites Identifies Key Genes Involved in Iris germanica Anthocyanin Biosynthesis,10.3390/ijms242216462,https://openalex.org/W4388764888,unreviewed
267,Iris lactea,Iridaceae,1,13,13,Identification of characteristic aroma compounds for spicy in <scp><i>Iris lactea</i> var. <i>chinensis</i></scp>,10.1111/ppl.14016,https://openalex.org/W4386545865,unreviewed
268,Iris potaninii,Iridaceae,1,13,13,Flower color polymorphism of a wild Iris on the Qinghai-Tibet plateau,10.1186/s12870-023-04642-9,https://openalex.org/W4389498173,unreviewed
269,Iris typhifolia,Iridaceae,1,13,13,Analysis of Floral Fragrance Components in Different Parts of Iris typhifolia,10.3390/horticulturae9121268,https://openalex.org/W4389049362,unreviewed
270,Keteleeria davidiana,Pinaceae,1,13,13,Analysis of the Genetic Diversity and Mating System of the Endangered Plant Keteleeria davidiana var. calcarea,10.3390/f15050793,https://openalex.org/W4396580069,unreviewed
271,Lathyrus sylvestris,Fabaceae,1,13,13,THE EVOLVING GENETIC HISTORY OF A POPULATION OF<i>LATHYRUS SYLVESTRIS</i>: EVIDENCE FROM TEMPORAL AND SPATIAL GENETIC STRUCTURE,10.1111/j.1558-5646.1996.tb03567.x,https://openalex.org/W2319956756,unreviewed
272,Leptocereus scopulophilus,Cactaceae,1,13,13,"Flower morphs in Leptocereus scopulophilus (Cactaceae) and their reproductive success in Pan de Matanzas, Cuba",10.25223/brad.n40.2022.a1,https://openalex.org/W4280574450,unreviewed
273,Limonium wrightii,Plumbaginaceae,1,13,13,Origin of the disjunct distribution of flower colour polymorphism within Limonium wrightii (Plumbaginaceae) in the Ryukyu Archipelago,10.1111/j.1095-8312.2009.01253.x,https://openalex.org/W1926307786,unreviewed
274,Loropetalum chinense,Hamamelidaceae,1,13,13,Transcriptome Analysis and Metabolic Profiling of Anthocyanins Accumulation in Loropetalum Chinense var. Rubrum With Different Colors of Leaf,10.21203/rs.3.rs-960260/v1,https://openalex.org/W4214684187,unreviewed
275,Lupinus pilosus,Fabaceae,1,13,13,Flower‐Colour Polymorphism in <i>Lupinus pilosus</i> in Israel,10.1111/j.1439-0523.1987.tb01189.x,https://openalex.org/W1985541337,unreviewed
276,Lupinus polyphyllus,Fabaceae,1,13,13,"Bumblebee visits to different colour morphs of the Washington lupine, &lt;i&gt;Lupinus polyphyllus&lt;/i&gt;",10.33338/ef.83851,https://openalex.org/W2201993718,unreviewed
277,Mammillaria haageana,Cactaceae,1,13,13,Evolution of flower allometry and pigmentation in Mammillaria haageana (Cactaceae),10.1186/s12870-021-03386-8,https://openalex.org/W4206993445,unreviewed
278,Moricandia arvensis,Brassicaceae,1,13,13,Phenotypic plasticity triggers rapid morphological convergence,10.1101/2021.05.25.445642,https://openalex.org/W3164918340,unreviewed
279,Moringa oleifera,Moringaceae,1,13,13,Estimates of outcrossing rates in Moringa oleifera using Amplified fragment length polymorphism (AFLP),10.5897/ajb2004.000-2026,https://openalex.org/W2114661249,unreviewed
280,Narcissus pseudonarcissus,Amaryllidaceae,1,13,13,Transcriptome Sequencing and Biochemical Analysis of Perianths and Coronas Reveal Flower Color Formation in Narcissus pseudonarcissus,10.3390/ijms19124006,https://openalex.org/W2904598959,unreviewed
281,Narcissus triandrus,Amaryllidaceae,1,13,13,Asymmetrical mating patterns and the evolution of biased style-morph ratios in a tristylous daffodil,10.1017/s0016672307008956,https://openalex.org/W2144210699,unreviewed
282,Nigella degenii,Ranunculaceae,1,13,13,COMPARATIVE ANALYSES OF POPULATION STRUCTURE IN TWO SUBSPECIES OF<i>NIGELLA DEGENII</i>: EVIDENCE FOR DIVERSIFYING SELECTION ON POLLEN‐COLOR DIMORPHISMS,10.1111/j.0014-3820.2006.tb01133.x,https://openalex.org/W4320996989,unreviewed
283,Ophiorrhiza japonica,Rubiaceae,1,13,13,Maintenance of flower color dimorphism in Ophiorrhiza japonica (Rubiaceae): responses to fluctuating temperatures in a dolomite Karst region,10.3389/fpls.2024.1495112,https://openalex.org/W4405558795,unreviewed
284,Osmanthus fragrans,Oleaceae,1,13,13,Recent Advances in Flower Color and Fragrance of Osmanthus fragrans,10.3390/f14071403,https://openalex.org/W4383723672,unreviewed
285,Papaver radicatum,Papaveraceae,1,13,13,Temperature Relations of Yellow and White Flowered <i>Papaver Radicatum</i> in North Greenland,10.1080/00040851.1989.12002712,https://openalex.org/W4403177336,unreviewed
286,Penstemon whippleanus,Plantaginaceae,1,13,13,Genetics and Evolutionary Mechanisms of a balanced flower color polymorphism in Whipple’s Penstemon,10.52843/cassyni.grcx7q,https://openalex.org/W4402491049,unreviewed
287,Petunia exserta,Solanaceae,1,13,13,Complex evolution of novel red floral color in<i>Petunia</i>,10.1093/plcell/koab114,https://openalex.org/W3155227036,unreviewed
288,Phlox kelseyi,Polemoniaceae,1,13,13,Biosystematics of Phlox kelseyi (Polemoniaceae),,https://openalex.org/W2335835263,unreviewed
289,Pleione limprichtii,Orchidaceae,1,13,13,Comparative Transcriptomics Provides Insight into Floral Color Polymorphism in a Pleione limprichtii Orchid Population,10.3390/ijms21010247,https://openalex.org/W2997206648,unreviewed
290,Polygonatum cyrtonema,Asparagaceae,1,13,13,Integrated Metabolomics and Transcriptomics Analysis of Flavonoid Biosynthesis Pathway in Polygonatum cyrtonema Hua,10.3390/molecules29102248,https://openalex.org/W4396858470,unreviewed
291,Polygonatum kingianum,Asparagaceae,1,13,13,Combined Metabolomics and Transcriptomics Analysis of the Distribution of Flavonoids in the Fibrous Root and Taproot of Polygonatum kingianum Coll.et Hemsl,10.3390/genes15070828,https://openalex.org/W4399968957,unreviewed
292,Primula florindae,Primulaceae,1,13,13,Soil moisture influences nectar robbing and plant fitness in a primrose species,10.1111/1365-2745.70067,https://openalex.org/W4410500674,unreviewed
293,Protea repens,Proteaceae,1,13,13,Extrapolating from local ecological processes to genus-wide patterns in colour polymorphism in South African<i>Protea</i>,10.1098/rspb.2015.0583,https://openalex.org/W2090552541,unreviewed
294,Pterocymbium oceanicum,Malvaceae,1,13,13,"Distribution and Ecology of the Critically Endangered Tree, Pterocymbium oceanicum in Fiji: New Records and Implications for Conservation",10.1016/b978-0-12-821139-7.00153-7,https://openalex.org/W3208713863,unreviewed
295,Quercus laevis,Fagaceae,1,13,13,FINE-SCALE GENETIC STRUCTURE OF A TURKEY OAK FOREST,10.1111/j.1558-5646.1995.tb05963.x,https://openalex.org/W2031874804,unreviewed
296,Quercus petraea,Fagaceae,1,13,13,Intraspecific genetic structure in a mixed population of Quercus petraea (Matt.) Leibl and Q. robur L.,10.1038/hdy.1994.112,https://openalex.org/W2082499417,unreviewed
297,Quercus rubra,Fagaceae,1,13,13,"Macrogeographic and fine-scale genetic structure in a North American oak species, Quercus rubra L",10.1051/forest:19930726,https://openalex.org/W1965434738,unreviewed
298,Rhododendron longipedicellatum,Ericaceae,1,13,13,"Study on Reproductive Biology of Rhododendron longipedicellatum: A Newly Discovered and Special Threatened Plant Surviving in Limestone Habitat in Southeast Yunnan, China",10.3389/fpls.2018.00033,https://openalex.org/W2793644482,unreviewed
299,Rhododendron sanguineum,Ericaceae,1,13,13,Differential expressions of anthocyanin synthesis genes underlie flower color divergence in a sympatric Rhododendron sanguineum complex,10.1186/s12870-021-02977-9,https://openalex.org/W3159142738,unreviewed
300,Rhynchostele cervantesii,Orchidaceae,1,13,13,"Mating system and female reproductive success of the endemic and endangered epiphyte Rhynchostele cervantesii (Orchidaceae) in a cloud forest in Michoacan, Mexico",10.5091/plecevo.2021.1551,https://openalex.org/W3136289182,unreviewed
301,Roscoea cautleoides,Zingiberaceae,1,13,13,Parallel loss of anthocyanins triggers the incipient sympatric speciation in an alpine ginger,10.1016/j.pld.2025.03.004,https://openalex.org/W4408838998,unreviewed
302,Rubus spectabilis,Rosaceae,1,13,13,The color of plant reproduction: macroecological trade-offs between biotic signaling and abiotic tolerance,10.3389/fevo.2015.00118,https://openalex.org/W2181423718,unreviewed
303,Salvia hispanica,Lamiaceae,1,13,13,Review of floral polymorphism in chía (Salvia hispanica L.): Modified cause,10.35429/jnas.2020.20.7.14.20,https://openalex.org/W3166774049,unreviewed
304,Sclerolaena diacantha,Amaranthaceae,1,13,13,Does ant dispersal of seeds in Sclerolaena diacantha (Chenopodiaceae) generate local spatial genetic structure?,10.1038/hdy.1995.146,https://openalex.org/W2314775506,unreviewed
305,Sesamum indicum,Pedaliaceae,1,13,13,Comparative metabolomics analysis of different sesame (Sesamum indicum L.) tissues reveals a tissue-specific accumulation of metabolites,10.1186/s12870-021-03132-0,https://openalex.org/W3184718777,unreviewed
306,Silene cambessedesii,Caryophyllaceae,1,13,13,Whole Plastome Sequencing Within Silene Section Psammophilae Reveals Mainland Hybridization and Divergence With the Balearic Island Populations,10.3389/fpls.2019.01466,https://openalex.org/W2985539496,unreviewed
307,Silene dioica,Caryophyllaceae,1,13,13,Inheritance and reproductive consequences of floral anthocyanin deficiency in <i>Silene dioica (</i>Caryophyllaceae<i>)</i>,10.3732/ajb.1400136,https://openalex.org/W2065254881,unreviewed
308,Silene noctiflora,Caryophyllaceae,1,13,13,Long-read transcriptome and other genomic resources for the angiosperm <i>Silene noctiflora</i>,10.1101/2020.08.09.243378,https://openalex.org/W3048066390,unreviewed
309,Silybum marianum,Asteraceae,1,13,13,"CHITOSAN NANOPARTICLES AND ITS IMPACT ON GROWTH, YIELD, SOME BIOCHEMICAL AND MOLECULAR MARKERS IN SILYBIUM MARIANUM",10.21608/ejdr.2021.105976.1089,https://openalex.org/W4206381617,unreviewed
310,Solanum carolinense,Solanaceae,1,13,13,A field investigation into potential reproductive and resistance advantages of purple-petalled plants in polymorphic populations of horsenettle (Solanum carolinense),10.5091/plecevo.128527,https://openalex.org/W4403078083,unreviewed
311,Sorghum bicolor,Poaceae,1,13,13,Integrated metabolomics and transcriptomic analysis of the flavonoid regulatory networks in Sorghum bicolor seeds,10.1186/s12864-022-08852-7,https://openalex.org/W4293206928,unreviewed
312,Streptanthus polygaloides,Brassicaceae,1,13,13,"The role of elevation and soil chemistry in the distribution and ion accumulation of floral morphs of<i>Streptanthus polygaloides</i>Gray (Brassicaceae), a Californian nickel hyperaccumulator",10.1080/17550874.2013.783141,https://openalex.org/W2104618392,unreviewed
313,Trillium chloropetalum,Melanthiaceae,1,13,13,Taxonomic insights from floral scents of western North American sessile‐flowered <i>Trillium</i>,10.1002/ajb2.16255,https://openalex.org/W4388489097,unreviewed
314,Tulipa suaveolens,Liliaceae,1,13,13,"Geographical features of Tulipa suaveolens Roth (Liliaceae, Magnoliophyta) distribution by flower color across its European range",10.35885/1684-7318-2022-2-150-172,https://openalex.org/W4308801437,unreviewed
315,Ursinia calenduliflora,Asteraceae,1,13,13,Floral polymorphism and the fitness implications of attracting pollinating and florivorous insects,10.1093/aob/mct189,https://openalex.org/W2161903288,unreviewed
316,Utricularia amethystina,Lentibulariaceae,1,13,13,"Sistemática, evolução e biologia reprodutiva de Utricularia com ênfase para Utricularia amethystina Salzm. Ex A.St.-Hil. & Girard (Lentibulariaceae)",,https://openalex.org/W2133327242,unreviewed
317,Vinca minor,Apocynaceae,1,13,13,"Thermal regulation of flowers: color‐driven differences in radiation absorption, cooling, and heat tolerance",10.1111/nph.71163,https://openalex.org/W7151054309,unreviewed
318,Viola diversifolia,Violaceae,1,13,13,Polymorphisme morphologique chez le pollen et la fleur de<i>Viola diversifolia</i>(Gingins) Becker,10.1080/01811789.1990.10827015,https://openalex.org/W2033544458,unreviewed
319,Lobelia siphilitica,Campanulaceae,8,12,68,The Effects of Competition for Pollination on Floral Evolution of Gynodioecious Lobelia siphilitica,,https://openalex.org/W2604307196,unreviewed
320,Argyranthemum frutescens,Asteraceae,2,12,24,Characterization of in vitro haploid and doubled haploid Chrysanthemum morifolium plants via unfertilized ovule culture for phenotypical traits and DNA methylation pattern,10.3389/fpls.2014.00738,https://openalex.org/W1965817165,unreviewed
321,Cyclamen purpurascens,Primulaceae,2,12,20,"Red-purple flower due to delphinidin 3,5-diglucoside, a novel pigment for Cyclamen spp., generated by ion-beam irradiation",10.5511/plantbiotechnology.26.565,https://openalex.org/W2112311285,unreviewed
322,Cyclamen persicum,Primulaceae,1,12,12,"Red-purple flower due to delphinidin 3,5-diglucoside, a novel pigment for Cyclamen spp., generated by ion-beam irradiation",10.5511/plantbiotechnology.26.565,https://openalex.org/W2112311285,unreviewed
323,Drosera citrina,Droseraceae,1,12,12,When three become two: Drosera coalara links Drosera citrina with Drosera nivea,10.55360/cpn491.tk924,https://openalex.org/W3034073342,unreviewed
324,Drosera coalara,Droseraceae,1,12,12,When three become two: Drosera coalara links Drosera citrina with Drosera nivea,10.55360/cpn491.tk924,https://openalex.org/W3034073342,unreviewed
325,Epimedium wushanense,Berberidaceae,1,12,12,Effects of flowering mode and pollinator sharing on reproductive success in natural hybrid of two Epimedium (Berberidaceae) species,10.21203/rs.3.rs-3276035/v1,https://openalex.org/W4386213030,unreviewed
326,Erica cylindrica,Ericaceae,1,12,12,Evidence for moth pollination in a rhinomyiophilous Erica species from the Cape Floristic Region of South Africa,10.3897/phytokeys.246.126310,https://openalex.org/W4402125664,unreviewed
327,Erica infundibuliformis,Ericaceae,1,12,12,Evidence for moth pollination in a rhinomyiophilous Erica species from the Cape Floristic Region of South Africa,10.3897/phytokeys.246.126310,https://openalex.org/W4402125664,unreviewed
328,Erycina crista-galli,Orchidaceae,1,12,12,Orchid pollination: specialization in chance?,10.1111/j.1095-8339.2010.01109.x,https://openalex.org/W1942519731,unreviewed
329,Gentiana scabra,Gentianaceae,1,12,12,Identification of Candidate Genes Responsible for Flower Colour Intensity in Gentiana triflora,10.3389/fpls.2022.906879,https://openalex.org/W4283395540,unreviewed
330,Gentiana triflora,Gentianaceae,1,12,12,Identification of Candidate Genes Responsible for Flower Colour Intensity in Gentiana triflora,10.3389/fpls.2022.906879,https://openalex.org/W4283395540,unreviewed
331,Ipomoea cavalcantei,Convolvulaceae,1,12,12,Geography is essential for reproductive isolation between florally diversified morning glory species from Amazon canga savannahs,10.1038/s41598-019-53853-4,https://openalex.org/W2990898971,unreviewed
332,Ipomoea marabaensis,Convolvulaceae,1,12,12,Geography is essential for reproductive isolation between florally diversified morning glory species from Amazon canga savannahs,10.1038/s41598-019-53853-4,https://openalex.org/W2990898971,unreviewed
333,Jaltomata herrerae,Solanaceae,1,12,12,Convergent evolution of a novel blood-red nectar pigment in vertebrate-pollinated flowers,10.1101/2021.03.24.436888,https://openalex.org/W3137736123,unreviewed
334,Nesocodon mauritianus,Campanulaceae,1,12,12,Convergent evolution of a novel blood-red nectar pigment in vertebrate-pollinated flowers,10.1101/2021.03.24.436888,https://openalex.org/W3137736123,unreviewed
335,Notylia barkeri,Orchidaceae,1,12,12,Orchid pollination: specialization in chance?,10.1111/j.1095-8339.2010.01109.x,https://openalex.org/W1942519731,unreviewed
336,Oenothera glazioviana,Onagraceae,1,12,12,Stacked scattering: The key to bright flowers lies in the mesophyll,10.1002/ajb2.70104,https://openalex.org/W4414509135,unreviewed
337,Qualea multiflora,Vochysiaceae,1,12,12,Flowering Time Variation in Two Sympatric Tree Species Contributes to Avoid Competition for Pollinator Services,10.3390/plants12193347,https://openalex.org/W4386961316,unreviewed
338,Qualea parviflora,Vochysiaceae,1,12,12,Flowering Time Variation in Two Sympatric Tree Species Contributes to Avoid Competition for Pollinator Services,10.3390/plants12193347,https://openalex.org/W4386961316,unreviewed
339,Rhodanthemum gayanum,Asteraceae,1,12,12,"Obtainment and confirmation of intergeneric hybrids between marguerite (&lt;i&gt;Argyranthemum frutescens&lt;/i&gt; (L.) Sch.Bip.) and two &lt;i&gt;Rhodanthemum&lt;/i&gt; species (&lt;i&gt;R. hosmariense&lt;/i&gt; (Ball) B. H. Wilcox, K. Bremer &amp; Humphries and &lt;i&gt;R. catananche&lt;/i&gt; (Ball) B. H. Wilcox, K. Bremer &amp; Humphries)",10.5511/plantbiotechnology.23.0202a,https://openalex.org/W4380208217,unreviewed
340,Tropaeolum majus,Tropaeolaceae,1,12,12,Stacked scattering: The key to bright flowers lies in the mesophyll,10.1002/ajb2.70104,https://openalex.org/W4414509135,unreviewed
341,Fritillaria persica,Liliaceae,2,11,19,Environment or pollinators? Factors shaping breeding system and spatial variation in nectar properties and pollination system in a desert species Fritillaria persica L.,10.22541/au.172114999.98169097/v1,https://openalex.org/W4400681794,unreviewed
342,Impatiens uliginosa,Balsaminaceae,2,11,19,"Effects of cell morphology, physiology, biochemistry and CHS genes on four flower colors of Impatiens uliginosa",10.3389/fpls.2024.1343830,https://openalex.org/W4392352585,unreviewed
343,Delphinium caeruleum,Ranunculaceae,1,11,11,Screening game in plant–pollinator interactions: compound screening mechanism in flower morphology of Delphinium caeruleum,10.21203/rs.3.rs-2118643/v1,https://openalex.org/W4306923379,unreviewed
344,Echinacea purpurea,Asteraceae,1,11,11,Morphological characteristics and flavonoid accumulation of Echinacea purpurea cultivated at various salinity,10.13057/biodiv/d220915,https://openalex.org/W3197839747,unreviewed
345,Gustavia santanderiensis,Lecythidaceae,1,11,11,"Morphological redescription and ecological niche modelling of Gustavia santanderiensis (Lecythidaceae), with a key for the genus in the Magdalena Valley, Colombia",10.5091/plecevo.165628,https://openalex.org/W7133957166,unreviewed
346,Satyrium eurycalcaratum,Orchidaceae,1,11,11,"More than meets the eye: a morphological and phylogenetic comparison of long-spurred, white-flowered Satyrium species (Orchidaceae) in South Africa",10.1111/j.1095-8339.2011.01143.x,https://openalex.org/W1484620348,unreviewed
347,Clarkia amoena,Onagraceae,1,9,9,Reproductive fitness and pollination biology of the four floral color morphs of Clarkia amoena var. pacifica.,,https://openalex.org/W3217284744,unreviewed
348,Ipomoea aquatica,Convolvulaceae,1,9,9,Pollinator visitation and female reproductive success in two floral color morphs of Ipomoea aquatica (Convolvulaceae),10.1007/s00606-020-01716-1,https://openalex.org/W3094397868,unreviewed
349,Opuntia streptacantha,Cactaceae,1,9,9,Morphological and phenological variation of flower colour morphs in a wild population of Opuntia streptacantha (Cactaceae),10.5091/plecevo.112250,https://openalex.org/W4400298785,unreviewed
350,Panicum virgatum,Poaceae,1,9,9,Transcriptome divergence during leaf development in two contrasting switchgrass (Panicum virgatum L.) cultivars,10.1371/journal.pone.0222080,https://openalex.org/W2972409508,unreviewed
351,Physocarpus opulifolius,Rosaceae,1,9,9,"Effects of New Cultivars of Ninebark on Feeding and Ovipositional Behavior of the Specialist Ninebark Beetle, Calligrapha spiraeae (Coleoptera: Chrysomelidae)",10.21273/hortsci.42.6.1396,https://openalex.org/W2239050650,unreviewed
352,Rivea ornata,Convolvulaceae,1,9,9,Trades-offs between pollinator attraction and florivore defense maximize reproductive success in the self-incompatible Rivea ornata (Convolvulaceae),10.1186/s12862-024-02301-7,https://openalex.org/W4402074833,unreviewed
353,Lantana camara,Verbenaceae,8,8,64,Author response: The population structure of invasive Lantana camara is shaped by its mating system,10.7554/elife.104988.2.sa0,https://openalex.org/W7135056449,unreviewed
354,Catharanthus roseus,Apocynaceae,3,8,20,Germplasm resource and genetic breeding of ornamental Madagascar periwinkle (&lt;i&gt;Catharanthus roseus&lt;/i&gt;): a brief review,10.48130/opr-0025-0049,https://openalex.org/W7125742222,unreviewed
355,Adenium obesum,Apocynaceae,2,8,16,Genetic inheritance and selection in desert rose progenies,,https://openalex.org/W7119330886,unreviewed
356,Aquilegia oxysepala,Ranunculaceae,2,8,16,Identification and Expression Analysis of R2R3-MYB Transcription Factors Associated with Flower Color Variation in Aquilegia oxysepala,10.3390/agronomy16050581,https://openalex.org/W7134180857,unreviewed
357,Carthamus tinctorius,Asteraceae,2,8,16,Identification and Characterization of the CRY Gene Family Involved in Safflower Flavonoid Biosynthesis,10.3390/agriculture16020260,https://openalex.org/W7125212494,unreviewed
358,Dahlia variabilis,Asteraceae,2,8,16,Quantitative Evaluation of the Contribution of Four Major Anthocyanins to Black Flower Coloring of Dahlia Petals,10.2503/hortj.mi-121,https://openalex.org/W2285468241,unreviewed
359,Daucus carota,Apiaceae,2,8,16,An anthocyanin activation gene underlies the purple central flower pigmentation in wild carrot,10.1093/plphys/kiae391,https://openalex.org/W4400968087,unreviewed
360,Gossypium arboreum,Malvaceae,2,8,16,Transcriptomic and metabolomic profiling of flavonoid biosynthesis provide novel insights into petals coloration in Asian cotton (Gossypium arboreum L.),10.21203/rs.3.rs-1822828/v1,https://openalex.org/W4285084292,unreviewed
361,Lonicera japonica,Caprifoliaceae,2,8,16,Integrated metabolic profiling and transcriptome analysis of pigment accumulation in Lonicera japonica flower petals during colour-transition,10.1186/s12870-021-02877-y,https://openalex.org/W3113869398,unreviewed
362,Prunus campanulata,Rosaceae,2,8,16,"Genome assembly, resequencing and genome‐wide association analyses provide novel insights into the origin, evolution and flower colour variations of flowering cherry",10.1111/tpj.16151,https://openalex.org/W4320709475,unreviewed
363,Camellia sinensis,Theaceae,2,8,15,Haplotype‐resolved genome reveals allele‐aware epigenetic and <scp>3D</scp> chromatin regulation of heterosis in the tea hybrid,10.1111/nph.70908,https://openalex.org/W7119532978,unreviewed
364,Claytonia virginica,Montiaceae,2,8,15,Effects of temperature and pollinator availability on plant reproductive success in the Indiana spring ephemeral community,,https://openalex.org/W2143225640,unreviewed
365,Benincasa hispida,Cucurbitaceae,1,8,8,Metabolomic and Transcriptomic Analyses Reveal Association of Mature Fruit Pericarp Color Variation with Chlorophyll and Flavonoid Biosynthesis in Wax Gourd (Benincasa hispida),10.3390/agronomy12092045,https://openalex.org/W4293415447,unreviewed
366,Brassica juncea,Brassicaceae,1,8,8,Beyond yellow: discovery and genetic dissection of an apricot petal color in Brassica juncea L,10.3389/fpls.2026.1767871,https://openalex.org/W7127038454,unreviewed
367,Camellia amplexicaulis,Theaceae,1,8,8,Integrated transcriptomic and metabolomic analyses of the molecular mechanisms of flower color variation in three Camellia species,10.1007/s10725-025-01335-1,https://openalex.org/W4410475165,unreviewed
368,Camellia azalea,Theaceae,1,8,8,Inheritance of DNA Methylation Patterns and Its Role in Modulating Allelic Expression in Camellia F1 Hybrids,10.3390/plants15010094,https://openalex.org/W7117473514,unreviewed
369,Camellia sasanqua,Theaceae,1,8,8,Floral organ transcriptome in Camellia sasanqua provided insight into stamen petaloid,10.1186/s12870-022-03860-x,https://openalex.org/W4302283638,unreviewed
370,Carya cathayensis,Juglandaceae,1,8,8,Comprehensive identification and analysis of circRNAs during hickory (Carya cathayensis Sarg.) flower bud differentiation,10.3389/fpls.2022.1000489,https://openalex.org/W4313485225,unreviewed
371,Castilleja purpurea,Orobanchaceae,1,8,8,Pollinator mosaics mirror floral trait divergence within and between species of <i>Castilleja</i>,10.1101/2022.07.04.498476,https://openalex.org/W4283812758,unreviewed
372,Centropogon incanus,Campanulaceae,1,8,8,A gradient of pollination specialization in three species of Bolivian <i>Centropogon</i>,10.1002/ajb2.1276,https://openalex.org/W3126918021,unreviewed
373,Cercis canadensis,Fabaceae,1,8,8,Genetic diversity in North American Cercis Canadensis reveals an ancient population bottleneck that originated after the last glacial maximum,10.1038/s41598-021-01020-z,https://openalex.org/W3212845758,unreviewed
374,Chimonanthus praecox,Calycanthaceae,1,8,8,Metabolomic and transcriptomic analyses jointly reveal the mechanism underlying the reddening of Chimonanthus praecox stamens,10.3389/fpls.2024.1491246,https://openalex.org/W4404541331,unreviewed
375,Clarkia unguiculata,Onagraceae,1,8,8,Sex‐specific floral attraction traits in a sequentially hermaphroditic species,10.1002/ece3.5987,https://openalex.org/W3004600977,unreviewed
376,Clematis tangutica,Ranunculaceae,1,8,8,Analysis of Floral Color Differences between Different Ecological Conditions of Clematis tangutica (Maxim.) Korsh,10.3390/molecules28010462,https://openalex.org/W4313572715,unreviewed
377,Coriandrum sativum,Apiaceae,1,8,8,Variable expression of anthocyanin in flower and stem of coriander (Coriandrum sativum L.): Breeding implications,10.22271/chemi.2021.v9.i1q.11384,https://openalex.org/W3125297528,unreviewed
378,Cymbidium goeringii,Orchidaceae,1,8,8,Genome-based identification of the CYP75 gene family in Orchidaceae and its expression patterns in Cymbidium goeringii,10.3389/fpls.2023.1243828,https://openalex.org/W4387138368,unreviewed
379,Dianthus caryophyllus,Caryophyllaceae,1,8,8,Crossbreeding of a metallic color carnation and diversification of the peculiar coloration by ion-beam irradiation,10.1007/s10681-012-0859-x,https://openalex.org/W1973609293,unreviewed
380,Edgeworthia chrysantha,Thymelaeaceae,1,8,8,Integrated transcriptome and metabolome analysis unveils the mechanism of color-transition in Edgeworthia chrysantha tepals,10.1186/s12870-023-04585-1,https://openalex.org/W4388712459,unreviewed
381,Epidendrum ibaguense,Orchidaceae,1,8,8,"Research Article Chromosome variations and diversity of Epidendrum ibaguense Lindl. (Orchidaceae) on the Tepequém's Tepuy, Roraima, Brazil.",10.4238/gmr16039754,https://openalex.org/W2760229352,unreviewed
382,Erysimum capitatum,Brassicaceae,1,8,8,"The good, the bad and the flexible: interactions of Erysimum capitatum with pollinators and herbivores over space and time",,https://openalex.org/W2595382830,unreviewed
383,Erythroxylum pauferrense,Erythroxylaceae,1,8,8,"Is there interspecific fruit set in distylous, synchronopatric species of Erythroxylum P. Browne (Erythroxylaceae)?",10.1590/1519-6984.287794,https://openalex.org/W4409910565,unreviewed
384,Fuchsia excorticata,Onagraceae,1,8,8,"Conspicuous, green flowers are an honest signal of nectar rewards in a bird-pollinated tree (Fuchsia excorticata, Onagraceae)",10.1007/s11258-023-01390-6,https://openalex.org/W4391485354,unreviewed
385,Gentiana aristata,Gentianaceae,1,8,8,Cryptic diversity and rampant hybridization in annual gentians on the Qinghai-Tibet Plateau revealed by population genomic analysis,10.1016/j.pld.2023.10.004,https://openalex.org/W4388002796,unreviewed
386,Gerbera aurantiaca,Asteraceae,1,8,8,Geographical Variation in Flower Color in the Grassland Daisy Gerbera aurantiaca: Testing for Associations With Pollinators and Abiotic Factors,10.3389/fevo.2021.676520,https://openalex.org/W3173834513,unreviewed
387,Gloriosa superba,Colchicaceae,1,8,8,Integrated Metabolome and Transcriptome Analysis of Petal Anthocyanin Accumulation Mechanism in Gloriosa superba ‘Rothschildiana’ during Different Flower Development Stages,10.3390/ijms242015034,https://openalex.org/W4387498734,unreviewed
388,Glycine max,Fabaceae,1,8,8,Genome-Wide Tissue-Specific Genes Identification for Novel Tissue-Specific Promoters Discovery in Soybean,10.3390/genes14061150,https://openalex.org/W4378469605,unreviewed
389,Gymnadenia odoratissima,Orchidaceae,1,8,8,Why Do Floral Perfumes Become Different? Region-Specific Selection on Floral Scent in a Terrestrial Orchid,10.1371/journal.pone.0147975,https://openalex.org/W2279048271,unreviewed
390,Hesperantha coccinea,Iridaceae,1,8,8,"Pollinator-driven divergence among populations of a self-fertilizing lily, Hesperantha coccinea (Iridaceae).",,https://openalex.org/W3176877967,unreviewed
391,Impatiens noli,Balsaminaceae,1,8,8,"Demonstration of pollinator‐mediated competition between two native <i>Impatiens</i> species, <i>Impatiens noli‐tangere</i> and <i>I. textori</i> (Balsaminaceae)",10.1002/ece3.1431,https://openalex.org/W1972754098,unreviewed
392,Impatiens noli-tangere,Balsaminaceae,1,8,8,"Demonstration of pollinator-mediated competition between two native Impatiens species, Impatiens noli-tangere and I. textori (Balsaminaceae)",,https://openalex.org/W7075680009,unreviewed
393,Ipomoea asarifolia,Convolvulaceae,1,8,8,Ecologia da polinização de Ipomoea asarifolia (Ders.) Roem. &amp; Schult. (Convolvulaceae) na região semi-árida de Pernambuco,10.1590/s0102-33062003000300003,https://openalex.org/W2033326417,unreviewed
394,Ipomoea nil,Convolvulaceae,1,8,8,Genes Encoding the Vacuolar Na+/H+ Exchanger and Flower Coloration,10.1093/pcp/pce080,https://openalex.org/W2144658509,unreviewed
395,Lathyrus odoratus,Fabaceae,1,8,8,The molecular basis for an ancient colour mutant in sweet pea (<i>Lathyrus odoratus</i>),10.1139/cjps-2017-0238,https://openalex.org/W2765624042,unreviewed
396,Lilium sulphureum,Liliaceae,1,8,8,Studies on Intraspecific Differentiations of Flowering Colors of Lilium sulphureum Baker apud Hook.f.in Yunnan,,https://openalex.org/W2357395938,unreviewed
397,Linnaea borealis,Caprifoliaceae,1,8,8,"Limited mate availability decreases reproductive success of fragmented populations of Linnaea borealis, a rare, clonal self-incompatible plant",10.1093/aob/mcp007,https://openalex.org/W2120343262,unreviewed
398,Linum usitatissimum,Linaceae,1,8,8,QTL mapping and molecular characterization of the classical D locus controlling seed and flower color in Linum usitatissimum (flax),10.1038/s41598-017-11565-7,https://openalex.org/W2767959263,unreviewed
399,Macadamia integrifolia,Proteaceae,1,8,8,Comprehensive Transcriptome and Metabolome Analysis Reveals the Potential Mechanism Influencing Flower Color Formation in Macadamia integrifolia,10.3390/horticulturae11111347,https://openalex.org/W4416066215,unreviewed
400,Mikania micrantha,Asteraceae,1,8,8,Phenolic Acids and Flavonoids Play Important Roles in Flower Bud Differentiation in Mikania micrantha: Transcriptomics and Metabolomics,10.3390/ijms242316550,https://openalex.org/W4388849123,unreviewed
401,Monarda fistulosa,Lamiaceae,1,8,8,High-throughput iNaturalist image analysis reveals flower color divergence in <i>Monarda fistulosa</i>,10.1101/2025.05.21.655392,https://openalex.org/W4410761732,unreviewed
402,Nicotiana tabacum,Solanaceae,1,8,8,Enhancing Flower Color through Simultaneous Expression of the B-peru and mPAP1 Transcription Factors under Control of a Flower-Specific Promoter,10.3390/ijms19010309,https://openalex.org/W2788670697,unreviewed
403,Nymphaea atrans,Nymphaeaceae,1,8,8,Integrative analysis of transcriptome and target metabolites uncovering flavonoid biosynthesis regulation of changing petal colors in Nymphaea ‘Feitian 2’,10.1186/s12870-024-05078-5,https://openalex.org/W4396700889,unreviewed
404,Paeonia suffruticosa,Paeoniaceae,1,8,8,Chlorophyllase (PsCLH1) and light-harvesting chlorophyll a/b binding protein 1 (PsLhcb1) and PsLhcb5 maintain petal greenness in Paeonia suffruticosa ‘Lv Mu Yin Yu’,10.1016/j.jare.2024.09.003,https://openalex.org/W4402252606,unreviewed
405,Panicum miliaceum,Poaceae,1,8,8,Phenotypic Variation of 933 Broomcorn Millet (Panicum miliaceum L.) Germplasm Resources,10.3390/plants14162536,https://openalex.org/W4413381290,unreviewed
406,Paphiopedilum micranthum,Orchidaceae,1,8,8,Metabolomic and Transcriptomic Analysis Reveal the Role of Metabolites and Genes in Modulating Flower Color of Paphiopedilum micranthum,10.3390/plants12102058,https://openalex.org/W4378084487,unreviewed
407,Platycodon grandiflorus,Campanulaceae,1,8,8,"PlgMYBR1, an R2R3-MYB transcription factor, plays as a negative regulator of anthocyanin biosynthesis in Platycodon grandiflorus",10.1007/s13205-023-03490-6,https://openalex.org/W4319073464,unreviewed
408,Prunus mume,Rosaceae,1,8,8,Integration of Metabolomic and Transcriptomic Analyses Reveals the Molecular Mechanisms of Flower Color Formation in Prunus mume,10.3390/plants13081077,https://openalex.org/W4394716468,unreviewed
409,Psychilis monensis,Orchidaceae,1,8,8,Does flower color variation matter in deception pollinated Psychilis monensis (Orchidaceae)?,10.1007/s00442-003-1443-9,https://openalex.org/W2015491842,unreviewed
410,Rehmannia glutinosa,Rehmanniaceae,1,8,8,Sequence Variations in MYB (v-myb Myeloblastosis Viral Oncogene Homolog) Genes Impair Anthocyanin Biosynthesis and Contribute to Yellow Flower Phenotype in Rehmannia glutinosa,10.3390/biom16010095,https://openalex.org/W7118966692,unreviewed
411,Rhododendron dauricum,Ericaceae,1,8,8,Anthocyanin Metabolite and Transcriptome Sequencing Analysis Reveals White Flowers in Rhododendron dauricum var. albiflorum,10.3390/horticulturae9101071,https://openalex.org/W4387052369,unreviewed
412,Rhododendron latoucheae,Ericaceae,1,8,8,Insight into the Molecular Mechanism of Flower Color Regulation in Rhododendron latoucheae Franch: A Multi-Omics Approach,10.3390/plants12162897,https://openalex.org/W4385650642,unreviewed
413,Rhododendron liliiflorum,Ericaceae,1,8,8,UPLC–MS/MS and Gene Expression Research to Distinguish the Colour Differences of Rhododendron liliiflorum H. Lév,10.3390/horticulturae9121351,https://openalex.org/W4389893321,unreviewed
414,Rhododendron molle,Ericaceae,1,8,8,Gapless genome assembly of azalea and multi-omics investigation into divergence between two species with distinct flower color,10.1093/hr/uhac241,https://openalex.org/W4307565697,unreviewed
415,Rhododendron simsii,Ericaceae,1,8,8,Integrated Analyses of Metabolome and RNA-seq Data Revealing Flower Color Variation in Ornamental Rhododendron simsii Planchon,10.3390/genes15081041,https://openalex.org/W4401425281,unreviewed
416,Rodriguezia granadensis,Orchidaceae,1,8,8,Pollination ecology of Rodriguezia granadensis (Orchidaceae),10.15517/lank.v15i2.20745,https://openalex.org/W1922006848,unreviewed
417,Rosa damascena,Rosaceae,1,8,8,"FROM FRAGRANCE TO FORTUNE: UNVEILING THE BOTANICAL, SOCIOECONOMIC, AND GLOBAL SIGNIFICANCE OF ROSA DAMASCENA",10.51193/ijaer.2024.10608,https://openalex.org/W4406333996,unreviewed
418,Scutellaria baicalensis,Lamiaceae,1,8,8,Integrated metabolome and transcriptome analyses of anthocyanin biosynthesis reveal key candidate genes involved in colour variation of Scutellaria baicalensis flowers,10.1186/s12870-023-04591-3,https://openalex.org/W4389751310,unreviewed
419,Silene latifolia,Caryophyllaceae,1,8,8,Differences in style length confer prezygotic isolation between two dioecious species of<i><scp>S</scp>ilene</i>in sympatry,10.1002/ece3.1350,https://openalex.org/W1538575292,unreviewed
420,Tagetes erecta,Asteraceae,1,8,8,In-vivo and in-vitro mutagenesis in marigold (Tagetes erecta) using 60Co gamma rays,10.56093/ijas.v86i7.59738,https://openalex.org/W3169447117,unreviewed
421,Tecoma stans,Bignoniaceae,1,8,8,The Relationship Between Preference and Switching in Flower Foraging by Bees,10.1101/2023.12.08.570807,https://openalex.org/W4389570271,unreviewed
422,Torenia fournieri,Linderniaceae,1,8,8,A Torenia (Torenia fournieri Lind. ex Fourn.) Novel Mutant ^|^lsquo;Flecked^|^rsquo; Produces Variegated Flowers by Insertion of a DNA Transposon into an R2R3-MYB Gene,10.2503/jjshs1.82.39,https://openalex.org/W2019915970,unreviewed
423,Trachycarpus fortunei,Arecaceae,1,8,8,Comparative transcriptome analysis of dioecious floral development in Trachycarpus fortunei using Illumina and PacBio SMRT sequencing,10.1186/s12870-023-04551-x,https://openalex.org/W4388300827,unreviewed
424,Viburnum macrocephalum,Viburnaceae,1,8,8,miRNAs involved in the development and differentiation of fertile and sterile flowers in Viburnum macrocephalum f. keteleeri,10.1186/s12864-017-4180-x,https://openalex.org/W2761460283,unreviewed
425,Vicia faba,Fabaceae,1,8,8,A comparative metabolomics investigation of flavonoid variation in faba bean flowers,10.1007/s11306-023-02014-w,https://openalex.org/W4378746611,unreviewed
426,Viola tricolor,Violaceae,1,8,8,Flower color modification through co-overexpression of the VtF3′5′H and RhNHX genes in Rosa hybrida,10.1007/s11240-023-02480-z,https://openalex.org/W4361205885,unreviewed
427,Anemone multifida,Ranunculaceae,1,7,7,Natural Selection and Neutral Evolution Jointly Drive Population Divergence between Alpine and Lowland Ecotypes of the Allopolyploid Plant Anemone multifida (Ranunculaceae),10.1371/journal.pone.0068889,https://openalex.org/W2026854783,unreviewed
428,Mirabilis jalapa,Nyctaginaceae,1,7,7,"Betalain Color Morphs Exhibit Differential Growth, Defensive Ability, and Pollen Tube Growth Rates in<i>Mirabilis jalapa</i>(Nyctaginaceae)",10.1086/673245,https://openalex.org/W2065776166,unreviewed
429,Viola arvensis,Violaceae,1,7,7,Rapid evolution of selfing syndrome traits in <i>Viola arvensis</i> revealed by resurrection ecology,10.1002/ajb2.16028,https://openalex.org/W4289885371,unreviewed
430,Cymbidium tortisepalum,Orchidaceae,1,4,4,Transcriptomics and metabolomics reveal the mechanism of metabolites changes in Cymbidium tortisepalum var. longibracteatum colour mutation cultivars,10.1371/journal.pone.0305867,https://openalex.org/W4399998072,unreviewed
