review_priority,canonical_name,family,n_works,n_title_matches,n_context_matches,max_score,total_score,best_title,best_doi,best_openalex_id,best_match_evidence,review_status,review_reason
P0,Dactylorhiza sambucina,Orchidaceae,9,8,4,39,230,"Monitoring of Dactylorhiza sambucina (L.) Soó (Orchidaceae)—Variation in Flowering, Flower Colour Morph Frequencies, and Erratic Population Census Trends",10.3390/d15020179,https://openalex.org/W4318475531,"Central questions of reproductive research on Dactylorhiza sambucina (Orchidaceae) are, if and how pollinator-mediated negative frequency dependent selection might maintain its flower colour polymorphism. As this hypothesis was based on artificial populations, it needs to be verified und",unreviewed,known_positive_control
P0,Silene littorea,Caryophyllaceae,4,3,4,39,119,"The effects of pollination, herbivory and autonomous selfing on the maintenance of flower colour variation in Silene littorea",10.1111/plb.13209,https://openalex.org/W3103775414,"Intraspecific flower colour variation has been generally proposed to evolve as a result of selection driven by biotic or abiotic agents. In a polymorphic population of Silene littorea with pink- and white-flowered plants, we studied pollinators, analysed flower colour perception and tested for differences in pollinator visitation. We also experimentally analysed pollinator limitation in fruit and see",unreviewed,known_positive_control
P0,Linanthus parryae,Polemoniaceae,4,2,4,39,110,PERSPECTIVE: EVOLUTION OF FLOWER COLOR IN THE DESERT ANNUAL LINANTHUS PARRYAE: WRIGHT REVISITED,10.1111/j.0014-3820.2001.tb00650.x,https://openalex.org/W2126691403,"Linanthus parryae, a diminutive desert annual with white or blue flowers, has been the focus of a long-standing debate among evolutionary biologists. At issue is whether the flower color polymorphism in this species is the product of ran",unreviewed,known_positive_control
P0,Gymnadenia rhellicani,Orchidaceae,5,1,4,29,105,Emergence of a floral colour polymorphism by pollinator-mediated overdominance: 3-dimensional data of Gymnadenia rhellicani flowers in DICOM format,,https://openalex.org/W3194954792,Emergence of a floral colour polymorphism by pollinator-mediated overdominance: 3-dimensional data of Gymnadenia rhellicani flowers in DICOM format,unreviewed,known_positive_control
P1,Ipomoea purpurea,Convolvulaceae,20,15,18,39,563,"Flower color variation in the morning glory, Ipomoea purpurea",10.1093/oxfordjournals.jhered.a109778,https://openalex.org/W2279832697,"In the southeastern United States populations of the annual, self compatible vine, Ipomoea purpurea, are strikingly polymorphic for flower color. Eight color phenotypes are commonly found. Flower color variation can be accounted for by segregation at three loci: P/p determines plgment hue, W/ w pigment distribution, a",unreviewed,direct_title_support_plus_replication_or_context
P1,Gentiana lutea,Gentianaceae,22,14,21,30,472,Differences in pollination success between local and foreign flower color phenotypes: a translocation experiment with Gentiana lutea (Gentianaceae),10.7717/peerj.2882,https://openalex.org/W2474042264,Background The adaptive maintenance of flower color variation is frequently attributed to pollinators partly because they preferentially visit certain flower phenotypes. We tested whether Gentiana lutea —which shows a flower color variation (from orange to yellow) in the Cantabrian Mountains range (north of Spain)—is locally adapted to the pollinator community. Methods We transplanted orange-flowering individuals to a,unreviewed,direct_title_support_plus_replication_or_context
P1,Lysimachia arvensis,Primulaceae,9,8,8,39,232,Molecular approaches reveal speciation between red- and blue-flowered plants in the Mediterranean Lysimachia arvensis and L. monelli (Primulaceae),10.1093/botlinnean/boab081,https://openalex.org/W4213153464,"Abstract Flower colour has played a decisive role as an evolutionary force in many groups of plants by driving speciation. A well-known example of colour polymorphism is found across the Mediterranean populations of Lysimachia arvensis and L. monelli, in which blue- and red-flowered plants can be found. Previous studies recognized two lineages within L. arvensis differing in flower colour, but this variation has not yet been considered in a phylogenet",unreviewed,direct_title_support_plus_replication_or_context
P1,Anemone coronaria,Ranunculaceae,8,8,5,39,260,Distribution under climate change of Anemone coronaria : linking flower colour and seed dispersal,10.1002/njb.05105,https://openalex.org/W7160547221,"Flower colour polymorphism is driven by divergent selection regimes on the colour morphs across time and space. Anemone coronaria , a colour‐polymorphic geophyte with red, purple, and white flowers, displays a geographic pattern along Israel's aridity gradient: polymorphic populations are restricted to Mediterranean climates, while monomorphic‐red",unreviewed,direct_title_support_plus_replication_or_context
P1,Lantana camara,Verbenaceae,8,8,2,25,119,Color-mediated foraging by pollinators: A comparative study of two passionflower butterflies at Lantana camara,,https://openalex.org/W2751209378,"of their ecological importance. Therefore, my study provides novel information by focusing on foraging behaviors of adult passionflower butterflies, Heliconius melpomene and Dryas iulia, to the color changing flowers of Lantana camara. My dissertation which is divided into four chapters, aims to explore various aspects of color mediate foraging in passionflower butterflies by combining observations in the wild with controlled field and laboratory exp",unreviewed,direct_title_support_plus_replication_or_context
P1,Antirrhinum majus,Plantaginaceae,14,7,11,34,232,The role of pollinator-mediated selection in the maintenance of a flower color polymorphism in an Antirrhinum majus hybrid zone,10.15479/at:ista:th_526,https://openalex.org/W2954960215,"been tested by selection. This provides an excellent opportunity to test the effect of mo- lecular variation on fitness, and how this variation is able to spread through populations in a natural context. The snapdragon Antirrhinum majus is polymorphic in the wild for two loci controlling the distribution of yellow and magenta floral pigments. Where the yellow A. m. striatum and the magenta A. m. pseudomajus meet along a valley in the Spanish Pyren- ees",unreviewed,direct_title_support_plus_replication_or_context
P1,Raphanus sativus,Brassicaceae,11,6,7,30,207,Identification of QTLs and Candidate Genes Related to Flower Traits and Bolting Time in Radish (Raphanus sativus L.),10.3390/agronomy11081623,https://openalex.org/W3193349983,"d that differences in the cyanidin content are likely to be associated with the variability in radish flower colors (i.e., purple and white petals). A quantitative trait loci (QTL) analysis identified nine QTLs on three Raphanus sativus linkage groups. Three QTLs—qRFC1, qRBT1, and qRFT1—which were consistently detected and explained a high proportion of the observed variation (10.30% to 34.57%), were considered as the major QTLs responsible for flower",unreviewed,direct_title_support_plus_replication_or_context
P1,Iris lutescens,Iridaceae,7,5,5,39,229,Neutral processes contribute to patterns of spatial variation for flower colour in the Mediterranean Iris lutescens (Iridaceae),10.1093/aob/mcw036,https://openalex.org/W2339618223,". natural selection in population differentiation. However, current explanations for the maintenance of flower colour polymorphism mainly rely on balancing selection, while neutral processes have seldom been championed. Iris lutescens (Iridaceae) is a widespread species in the northern Mediterranean basin, which shows a stable and striking purple-yellow flower colour polymorphism. To evaluate the roles of neutral processes in the spatial variation fo",unreviewed,direct_title_support_plus_replication_or_context
P1,Raphanus raphanistrum,Brassicaceae,5,5,5,39,151,"Effects of pollinator preference on flower color polymorphism in wild radish, Raphanus raphanistrum (Brassicaceae).",,https://openalex.org/W163160015,"morphisms in plant populations. Pollinators may prefer one color morph to another, increasing its relative reproductive success, or they may remain constant to either morph, effecting assortative mating. In wild radish, Raphanus raphanistrum, these behaviors affect not only the frequencies of flower color traits, but also the persistence of crop genes in wild populations, as white-flowered plants in predominantly yellow-flowered populations may indicate pas",unreviewed,direct_title_support_plus_replication_or_context
P1,Hesperis matronalis,Brassicaceae,5,5,4,39,145,The Impact of Biochemistry vs. Population Membership on Floral Scent Profiles in Colour Polymorphic Hesperis matronalis,10.1093/aob/mcn181,https://openalex.org/W2160805784,"the relative effects of shared biochemistry and/or localized population-level phenomena on floral scent phenotype, floral scent composition and emission rate were examined in five wild populations of colour polymorphic Hesperis matronalis (Brassicaceae). METHODS: Floral scent was collected by in situ dynamic headspace extraction on purple and white colour morphs in each of five wild populations. Gas chromatography-mass spectroscopy of extracts allowed de",unreviewed,direct_title_support_plus_replication_or_context
P1,Digitalis purpurea,Plantaginaceae,5,5,4,30,149,Flower color variation in Digitalis purpurea,10.6084/m9.figshare.29095451,https://openalex.org/W7130433828,In this study we evaluated the effects of biotic (pollinators) and abiotic (soil characteristics) on flower color variation of Digitalis purpurea in three native populations from Sweden and two introduced populations from Bolivia.,unreviewed,direct_title_support_plus_replication_or_context
P1,Phlox drummondii,Polemoniaceae,5,4,5,30,114,MOLECULAR SIGNATURES OF SELECTION ON REPRODUCTIVE CHARACTER DISPLACEMENT OF FLOWER COLOR IN PHLOX DRUMMONDII,10.1111/j.1558-5646.2011.01452.x,https://openalex.org/W1519665771,"s been observed in a wide variety of plants and animals. A classic example of reproductive character displacement, presumed to be caused by reinforcing selection, is flower-color variation in the native Texas wildflower Phlox drummondii. Here, we use population genetic analyses to investigate molecular signatures of selection on flower-color variation in this species. First, we quantify patterns of neutral genetic variation across the range of P. drumm",unreviewed,direct_title_support_plus_replication_or_context
P1,Lobelia siphilitica,Campanulaceae,4,4,4,30,84,"Pollinators, Herbivores, and the Maintenance of Flower Color Variation: A Case Study with Lobelia siphilitica",10.1086/656511,https://openalex.org/W2077295153,"nd the agents of selection on flower color have rarely been estimated. We estimated selection by pollinators and a predispersal seed predator on the three fundamental components of color (brightness, chroma, and hue) of Lobelia siphilitica flowers. We compared phenotypic selection on flowers of supplemental hand- versus open-pollinated plants to infer whether pollinators were an agent of selection on color. We compared attacked and unattacked plants to in",unreviewed,direct_title_support_plus_replication_or_context
P1,Iris pumila,Iridaceae,5,4,2,27,80,Are pollinators the agents of selection on flower colour and size in irises?,10.1111/oik.04501,https://openalex.org/W2769302125,"the base for pollinator‐mediated selection. In the colour dimorphic Iris lutescens , while pigment concentration and flower size were found to be under selection, this was independent of pollinators. For the polymorphic Iris pumila , pigment concentration is under selective pressure by pollinators, but only for one colour morph. Our results suggest that pollinators are not the main agents of selection on floral traits in these irises, as opposed t",unreviewed,direct_title_support_plus_replication_or_context
P1,Impatiens capensis,Balsaminaceae,4,4,1,20,56,MICROGEOGRAPHIC GENETIC STRUCTURE OF MORPHOLOGICAL AND LIFE HISTORY TRAITS IN A NATURAL POPULATION OF IMPATIENS CAPENSIS,10.1111/j.1558-5646.1991.tb05276.x,https://openalex.org/W2321872532,"To investigate the microgeographic spatial structure of genetic variation for quantitative traits in a natural population of Impatiens capensis, we performed a common-garden greenhouse experiment. Seedlings were collected at 10-m intervals from a 40 times 40-m permanent grid in a natural population and grown to maturity in a greenhouse. From these parents, 3 se",unreviewed,direct_title_support_plus_replication_or_context
P1,Anemone pavonina,Ranunculaceae,7,3,7,39,210,Data for Heinze et al. (2026): Flower colour polymorphism in the peacock anemone ( Anemone pavonina ) reflects spatiotemporal variation in pollinator abundance. Am. J. Bot.,10.6084/m9.figshare.31301656,https://openalex.org/W7148717901,"These are the raw data underlying the following publication:Heinze, J., C. J. Van der Kooi, G. Vogg, U. Jäger, and J. Spaethe. 2026. Flower colour polymorphism in the peacock anemone ( Anemone pavonina ) reflects spatiotemporal variation in pollinator abundance. American Journal of Botany. The worksheet ""Receptivity_Pollination_type"" includes all data used for the study of receptivity and cross-, geitonogamous, and au",unreviewed,direct_title_support_plus_replication_or_context
P1,Orychophragmus violaceus,Brassicaceae,4,3,3,25,72,Identification and characterization of the gene OvANS associated with purple flower in Orychophragmus violaceus,10.1186/s12870-025-07412-x,https://openalex.org/W4414993276,"The color of flowers plays a crucial role in ornamental plant breeding, impacting its market value significantly. Orychophragmus violaceus, a traditional ornamental flower cultivated for its early blooming in spring, often exhibits white flower variations during the breeding process, enhancing its ornamental appeal. This study systematically identified 98",unreviewed,direct_title_support_plus_replication_or_context
P1,Castilleja coccinea,Orobanchaceae,3,3,3,39,104,Floral bract color of Castilleja coccinea may influence seed viability,,https://openalex.org/W326681242,"Castilleja coccinea is a native annual or biennial plant with showy scarlet or yellow bracts. Although much is known about the hemi-parasitic nature of the plant, little is understood about the influence of floral color polymorphisms of Ca",unreviewed,direct_title_support_plus_replication_or_context
P1,Brassica napus,Brassicaceae,4,3,2,22,65,Site-Directed Mutagenesis of the Carotenoid Isomerase Gene BnaCRTISO Alters the Color of Petals and Leaves in Brassica napus L.,10.3389/fpls.2022.801456,https://openalex.org/W4211255590,The diversity of petal and leaf color can improve the ornamental value of rapeseed and promote the development of agriculture and tourism. The two copies of carotenoid isomerase gene ( BnaCRTISO ) in Brassica napus ( BnaA09.CRTISO and BnaC08.CRTISO ) was edited using the CRISPR/Cas9 system in the present study. The mutation phenotype of creamy white petals and yellowish leaves could be recovered only in targeted mutants of both Bn,unreviewed,direct_title_support_plus_replication_or_context
P1,Brassica rapa,Brassicaceae,3,3,2,30,75,Fine mapping and candidate gene analysis of the white flower gene Brwf in Chinese cabbage (Brassica rapa L.),10.1038/s41598-020-63165-7,https://openalex.org/W3015969351,"Abstract Flower color can be applied to landscaping and identification of the purity of seeds in hybrid production. However, the molecular basis of white flower trait remains largely unknown in Brassica rapa . In this study, an F 2 population was constructed from the cross between 15S1040 (white flower) and 92S105 (yellow flower) for fine mapping of white flower genes in B . rapa . Genetic analysis indicated that white flow",unreviewed,direct_title_support_plus_replication_or_context
P1,Camellia japonica,Theaceae,3,3,2,17,38,Transcriptome Analysis Reveals the Molecular Mechanisms Associated with Flower Color Formation in Camellia japonica ‘Joy Kendrick’,10.3390/f14010069,https://openalex.org/W4313361060,"Camellia japonica is a woody flower with high ornamental and economic value used for landscaping and as a pot plant. Floral colors are among the most important ornamental traits of flower plants, particularly multicolored flowers. The C.",unreviewed,direct_title_support_plus_replication_or_context
P1,Cirsium palustre,Asteraceae,3,3,1,39,97,The ecological genetics of flower colour variation in Cirsium palustre,10.5287/ora-mj5dwmwbx,https://openalex.org/W753206841,"The thistle Cirsium palustre exists over most of lowland Britain as a predominantly purple flowered species. However the populations of seacliffs and mountains exhibit a flower colour polymorphism, occurring as homozygous white morphs, homozygous a",unreviewed,direct_title_support_plus_replication_or_context
P1,Bixa orellana,Bixaceae,3,3,0,29,64,Floral Color Polymorphism and Reproductive Success in Annatto (Bixa orellana L.),10.1007/s12042-013-9128-y,https://openalex.org/W2089900994,Floral Color Polymorphism and Reproductive Success in Annatto (Bixa orellana L.),unreviewed,direct_title_support_plus_replication_or_context
P1,Impatiens glandulifera,Balsaminaceae,3,3,0,15,42,Rapid morphological change in UK populations of Impatiens glandulifera,10.1038/s41598-024-69710-y,https://openalex.org/W4401729450,Rapid morphological change in UK populations of Impatiens glandulifera,unreviewed,direct_title_support_plus_replication_or_context
P1,Erythranthe discolor,Phrymaceae,3,2,3,31,89,"Conservation Genetics of Narrowly Distributed Annual, Erythranthe discolor (Phrymaceae), in the Southern Sierra Nevada",10.5642/cguetd.xmgu6936,https://openalex.org/W4414905322,"Erythranthe discolor is a rare, narrowly distributed annual, endemic to California and occurs in the southern Sierra Nevada in Kern and Tulare counties with known flower color polymorphisms. There are 133 known occurrences of E. discolor wi",unreviewed,direct_title_support_plus_replication_or_context
P1,Parrya nudicaulis,Brassicaceae,3,2,3,27,67,Arctic Mustard Flower Color Polymorphism Controlled by Petal-Specific Downregulation at the Threshold of the Anthocyanin Biosynthetic Pathway,10.1371/journal.pone.0018230,https://openalex.org/W2145916438,"ochemical and molecular basis for the flower color variation and examining any pleiotropic effects manifested in vegetative tissues. Herein, we describe a widespread purple-white flower color polymorphism in the mustard Parrya nudicaulis spanning Alaska. The frequency of white-flowered individuals increases with increasing growing-season temperature, consistent with the role of anthocyanin pigments in stress tolerance. White petals fail to produce the s",unreviewed,direct_title_support_plus_replication_or_context
P1,Arabidopsis thaliana,Brassicaceae,4,2,2,18,52,Genetic Mechanisms Behind Flower Color Variation in Caulanthus Amplexicaulis var. Amplexicaulis (CAA) and Caulanthus Amplexicaulis var. Barbarae (CAB),,https://openalex.org/W1217664957,"te the gene for flower color in two species of the flower C. amplexicaulis, CAA and CAB, by looking for sequence similarity between the Caulanthus genome and known transcription factors involved in pigment production in Arabidopsis thaliana using plants from the family Brassicaceae as intermediates. Once a high degree of similarity was found in a region of the CAB and CAA genomes, a gene model was developed to achieve an understanding of why CAA is a diffe",unreviewed,direct_title_support_plus_replication_or_context
P1,Catharanthus roseus,Apocynaceae,3,2,2,18,47,Inheritance of Flower Color in Periwinkle: Orange-Red Corolla and White Eye,10.1093/jhered/93.1.55,https://openalex.org/W1966696489,"The commonly found flower colors in periwinkle (Catharanthus roseus)--pink, white, red-eyed, and pale pink center--are reported to be governed by the epistatic interaction between four genes--A, R, W, and I. The mode of inheritance of an uncommon flower color, orange-red corolla and whi",unreviewed,direct_title_support_plus_replication_or_context
P1,Platystemon californicus,Papaveraceae,2,2,2,39,78,FLOWER COLOR POLYMORPHISM AND POLLINATION BIOLOGY OF PLATYSTEMON CALIFORNICUS BENTH. (PAPAVERACEAE),10.1002/j.1537-2197.1981.tb12383.x,https://openalex.org/W2023026998,"Five genetically controlled flower color morphs in Platystemon californicus tend to occur in distinct geographic regions, suggesting regional selection of morphs. I examined the reproductive biology of P. californicus to determine whether color morphs are subject to selection due to differences",unreviewed,direct_title_support_plus_replication_or_context
P1,Tecomella undulata,Bignoniaceae,2,2,2,39,64,Artificial intelligence-based classification of flower colour polymorphism for conservation and genetic resource management of Tecomella undulata (Sm) Seem,10.1017/s1479262125100440,https://openalex.org/W4417152542,"Abstract Flower colour is a key trait shaping pollination, reproduction and plant–environment interactions. In arid ecosystems, it may also signal adaptations to heat and (Ultraviolet) UV stress. Tecomella undulata , a threatened keystone tree of the Indian Desert, exhibits striking flower colour polymorphism with yellow, orange and red morphs. This study tested whether artificial intelligence (AI) can reliably classify these morp",unreviewed,direct_title_support_plus_replication_or_context
P1,Trillium sessile,Melanthiaceae,2,2,2,39,78,BIOCHEMICAL BASIS OF FLORAL COLOR POLYMORPHISM IN A HETEROCYANIC POPULATION OF TRILLIUM SESSILE (LILIACEAE),10.1002/j.1537-2197.1989.tb11280.x,https://openalex.org/W2007736589,"A study of flavonoids occurring within a heterocyanic population of Trillium sessile was made to determine the chemical basis of a common floral color polymorphism in this species. In the study population, three floral color phenotypes (red, pink, yellow) are determined primarily by the presence or abse",unreviewed,direct_title_support_plus_replication_or_context
P1,Bletilla striata,Orchidaceae,2,2,2,33,50,Resequencing and Functional Analysis Revealed That BsDFR4 Could Cause the Formation of Different Flower Colors in Bletilla striata (Orchidaceae),10.3390/ijms26083555,https://openalex.org/W4409335954,"The formation of flower color is closely related to anthocyanin synthesis. In this study, flowers of Bletilla striata (Orchidaceae) exhibiting distinct color morphs were collected and analyzed. The HPLC results showed significantly higher total flavonoid and anthocyanin contents in purple flowers compared to pink counterparts, with inc",unreviewed,direct_title_support_plus_replication_or_context
P1,Cymbidium lowianum,Orchidaceae,2,2,2,33,58,Spatial and Temporal Regulation of Flower Coloration in Cymbidium lowianum,10.1111/pce.15398,https://openalex.org/W4406629092,"Flower color is a crucial trait that attracts pollinators and determines the ornamental value of floral crops. Cymbidium lowianum, one of the most important breeding parent of Cymbidium hybrids, has two flower morphs (normal and albino) that differ in flower lip color. However, the molecular mechanisms underlying flower color formation in C. lowia",unreviewed,direct_title_support_plus_replication_or_context
P1,Impatiens uliginosa,Balsaminaceae,2,2,2,33,55,"Effects of cell morphology, physiology, biochemistry and CHS genes on four flower colors of Impatiens uliginosa",10.3389/fpls.2024.1343830,https://openalex.org/W4392352585,"Introduction Flower color is one of the important ornamental traits in the plants, which plays an active role in attracting pollinators to pollinate plants and reproduce their offspring. The flower color of Impatiens uliginosa is rich, there are four main flower colors in nature: deep red, red, pink, and white. However, it remains unclear whether on four different flower colors mechanism of I. uliginosa . Methods We investigate colorimetric m",unreviewed,direct_title_support_plus_replication_or_context
P1,Gilia yorkii,Polemoniaceae,2,2,2,26,46,QTL analysis of floral morphology polymorphisms between Gilia yorkii and G. capitata,10.1101/2023.11.22.568340,https://openalex.org/W4388940790,"In plants, this can result in divergent floral morphologies causing pollinator differences and reproductive isolation between populations. Here, we explore floral trait differences between two recently diverged species, Gilia yorkii and G. capitata . The distributions of floral traits in parental, F1, and F2 populations are compared, and groups of correlated traits are identified. We describe the genetic architecture of floral traits through a quan",unreviewed,direct_title_support_plus_replication_or_context
P1,Ipomoea hederacea,Convolvulaceae,2,2,2,26,43,"Ecological, Physiological and Molecular Population Genetics of a Single-locus Leaf Shape Cline in Ivyleaf Morning Glory, Ipomoea hederacea",,https://openalex.org/W2726746889,"shape is remarkably variable among plants, and hence likely has major consequence for ecological function and fitness. My thesis addresses the ecological significance of clinal variation for a leaf shape polymorphism in Ipomoea hederacea (lobed leaves dominate the north, entire-shaped leaves restricted to the south), and investigates the role of adaptation and demography in shaping its evolutionary history in its eastern North American range. To evaluat",unreviewed,direct_title_support_plus_replication_or_context
P1,Fritillaria persica,Liliaceae,2,2,2,25,50,Environment or Pollinators? Factors Shaping Breeding System and Spatial Variation in Nectar Properties and Pollination System in a Desert Species Fritillaria persica L. (Liliaceae),10.1002/ece3.71265,https://openalex.org/W4409814846,"in zoogamous angiosperms. Here we combine observational data and field experiments to describe the assemblages of pollinators, breeding systems, and reward properties in studied populations of the Middle East geophyte, Fritillaria persica . Natural populations of this species include two floral color morphs with greenish or purple flowers; in both morphs, the nectaries of the outer whorl are covered by the tepals of the inner one. Our study documented ge",unreviewed,direct_title_support_plus_replication_or_context
P1,Gossypium arboreum,Malvaceae,2,2,2,22,44,Transcriptomic and metabolomic profiling of flavonoid biosynthesis provide novel insights into petals coloration in Asian cotton (Gossypium arboreum L.),10.21203/rs.3.rs-1822828/v1,https://openalex.org/W4285084292,"is a clear lack of studies concerning intricate mechanism cotton flower-color differentiation. Hereby, we report an integrative approach utilizing transcriptome and metabolome concerning flower color variation in three Gossypium arboreum cultivars. Results A total of 215 differentially accumulated metabolites (DAMs) were identified, including 83 differentially accumulated flavonoid metabolites (DAFs). Colorless kaempferol was more abundant in white flow",unreviewed,direct_title_support_plus_replication_or_context
P1,Mimulus ringens,Phrymaceae,3,2,1,12,32,Multiple pollinator visits to Mimulus ringens (Phrymaceae) flowers increase mate number and seed set within fruits,10.3732/ajb.93.9.1306,https://openalex.org/W2107602903,Multiple pollinator visits to Mimulus ringens (Phrymaceae) flowers increase mate number and seed set within fruits,unreviewed,direct_title_support_plus_replication_or_context
P1,Geranium thunbergii,Geraniaceae,2,2,1,39,68,Development and characterization of nuclear microsatellite markers to reveal the neutral demographic background of flower color polymorphism in Geranium thunbergii (Geraniaceae),10.1266/ggs.20-00062,https://openalex.org/W3155587122,"Nuclear microsatellite markers were developed for Geranium thunbergii, an herbaceous plant characterized by petal color polymorphism. Utilizing RNA sequencing data obtained by next-generation sequencing techniques, we developed and characterized 19 polymorphic microsatellite markers with",unreviewed,direct_title_support_plus_replication_or_context
P1,Medicago sativa,Fabaceae,2,2,1,39,59,Adaptive Mechanisms of White-Flowered Alfalfa (Medicago sativa L.) in High-Altitude Cold and Saline–Alkali Environments,10.3390/biology15050414,https://openalex.org/W7133356404,"White-flowered alfalfa (Medicago sativa L.) persisting in Qinghai–Tibet Plateau’s saline–alkali habitats provides a unique model to explore floral color polymorphism-linked ecological adaptation. We systematically compared phenotypic, physiological, transcrip",unreviewed,direct_title_support_plus_replication_or_context
P1,Rhododendron cyanocarpum,Ericaceae,2,2,1,39,68,"Flower Color Polymorphism in Rhododendron cyanocarpum(Ericaceae),an Endangered Alpine Species Endemic to NW Yunnan,China",,https://openalex.org/W3151048116,"Rhododendron cyanocarpum is a narrow endemic species with pink and white floral color. In the present study,to investigate the significance of petal color morphs,we examined color morph frequencies,petal color reflectance and other associated f",unreviewed,direct_title_support_plus_replication_or_context
P1,Aquilegia coerulea,Ranunculaceae,2,2,1,30,42,"The role of pollinators in maintaining variation in flower colour in the Rocky Mountain columbine, Aquilegia coerulea",10.1093/aob/mcv028,https://openalex.org/W2145222715,"BACKGROUND AND AIMS: Flower colour varies within and among populations of the Rocky Mountain columbine, Aquilegia coerulea, in conjunction with the abundance of its two major pollinators, hawkmoths and bumble-bees. This study seeks to understand whether the choice of flower colour by these major pollinators can help explain the variation in",unreviewed,direct_title_support_plus_replication_or_context
P1,Erythronium umbilicatum,Liliaceae,2,2,1,29,55,Evolution and Genetics of Floral Color Polymorphisms in Clarkia gracilis ssp. sonomensis and Erythronium umbilicatum,,https://openalex.org/W3034389613,Evolution and Genetics of Floral Color Polymorphisms in Clarkia gracilis ssp. sonomensis and Erythronium umbilicatum,unreviewed,direct_title_support_plus_replication_or_context
P1,Aquilegia oxysepala,Ranunculaceae,2,2,1,28,48,Identification and Expression Analysis of R2R3-MYB Transcription Factors Associated with Flower Color Variation in Aquilegia oxysepala,10.3390/agronomy16050581,https://openalex.org/W7134180857,"Aquilegia oxysepala is a characteristic wildflower of Northeast China, which has great application potential owing to its unique floral morphology and strong adaptability. The R2R3-MYB is one of the largest transcription factor families an",unreviewed,direct_title_support_plus_replication_or_context
P1,Lonicera japonica,Caprifoliaceae,2,2,1,22,42,Integrated metabolic profiling and transcriptome analysis of pigment accumulation in Lonicera japonica flower petals during colour-transition,10.1186/s12870-021-02877-y,https://openalex.org/W3113869398,"BACKGROUND: Plants have remarkable diversity in petal colour through the biosynthesis and accumulation of various pigments. To better understand the mechanisms regulating petal pigmentation in Lonicera japonica, we used multiple approaches to investigate the changes in carotenoids, anthocyanins, endogenous hormones and gene expression dynamics during petal colour transitions, i.e., green bud petals (GB_Pe), white flower petals",unreviewed,direct_title_support_plus_replication_or_context
P1,Hydrangea macrophylla,Hydrangeaceae,2,2,1,12,21,Multiple transcription factors and genes jointly regulate the light-dependent flavonoid biosynthesis mechanism of stem color in Hydrangea macrophylla,10.1186/s12870-026-08470-5,https://openalex.org/W7133221122,Multiple transcription factors and genes jointly regulate the light-dependent flavonoid biosynthesis mechanism of stem color in Hydrangea macrophylla,unreviewed,direct_title_support_plus_replication_or_context
P1,Clarkia gracilis,Onagraceae,2,2,0,29,41,Evolution and Genetics of Floral Color Polymorphisms in Clarkia gracilis ssp. sonomensis and Erythronium umbilicatum,,https://openalex.org/W3034389613,Evolution and Genetics of Floral Color Polymorphisms in Clarkia gracilis ssp. sonomensis and Erythronium umbilicatum,unreviewed,direct_title_support_plus_replication_or_context
P1,Hepatica nobilis,Ranunculaceae,2,2,0,29,58,Flower color polymorphism in Hepatica nobilis var. japonica with reference to genetic backgrounds and reproductive success,10.14989/doctor.k21875,https://openalex.org/W2957429669,Flower color polymorphism in Hepatica nobilis var. japonica with reference to genetic backgrounds and reproductive success,unreviewed,direct_title_support_plus_replication_or_context
P1,Allium schoenoprasum,Amaryllidaceae,2,2,0,20,32,Genetic analysis of flower colour variation in Allium schoenoprasum L. (wild chives),10.1038/hdy.1988.39,https://openalex.org/W2025684567,Genetic analysis of flower colour variation in Allium schoenoprasum L. (wild chives),unreviewed,direct_title_support_plus_replication_or_context
P1,Punica granatum,Lythraceae,2,2,0,20,32,Exploring the influence of petal and stamen color on pollinator and reproductive success in Punica granatum,10.17520/biods.2022633,https://openalex.org/W4387146721,Exploring the influence of petal and stamen color on pollinator and reproductive success in Punica granatum,unreviewed,direct_title_support_plus_replication_or_context
P1,Euphorbia pulcherrima,Euphorbiaceae,2,2,0,12,24,Anthocyanin metabolic engineering of Euphorbia pulcherrima: advances and perspectives,10.3389/fpls.2023.1176701,https://openalex.org/W4376610086,Anthocyanin metabolic engineering of Euphorbia pulcherrima: advances and perspectives,unreviewed,direct_title_support_plus_replication_or_context
P1,Fagus sylvatica,Fagaceae,2,2,0,12,24,Genetic structure of natural stands of Fagus sylvatica L. (beech),10.1038/hdy.1994.37,https://openalex.org/W2334041803,Genetic structure of natural stands of Fagus sylvatica L. (beech),unreviewed,direct_title_support_plus_replication_or_context
P1,Lysimachia monelli,Primulaceae,4,1,4,30,111,Linking environmental adaptation and genetic structure to the biogeography of flower colour lineages in Lysimachia monelli (Primulaceae),10.1111/plb.70100,https://openalex.org/W4413930938,"ctive traits such as flower colour can have a profound influence on the diversification of plant species, making understanding their evolutionary ramifications one of the foremost challenges for evolutionary biologists. Lysimachia monelli is a Mediterranean endemic with two markedly divergent flower colour lineages, blue and orange, which do not coexist within the same populations. We examined the relationship between lineage divergence and environmental",unreviewed,direct_title_support_plus_replication_or_context
P1,Orchis mascula,Orchidaceae,3,1,3,31,72,"Presence, distribution and effect of white, pink and purple morphs on pollination in the orchid Orchis mascula",10.14712/23361964.2015.15,https://openalex.org/W1618346641,"tained in evolutionary time has long intrigued ecologists and is still debated. In particular, how floral colour polymorphism influences reproductive success is still poorly understood. Here, we investigated the case of Orchis mascula, a deceptive orchid species in which the presence of rare white-flowered individuals is known to increase the percentage pollination of co-occurring coloured morphs. In a brief review, we report all the orchid species f",unreviewed,direct_title_support_plus_replication_or_context
P1,Prunus persica,Rosaceae,3,1,3,30,53,Two loss‐of‐function alleles of the glutathione S‐transferase ( GST ) gene cause anthocyanin deficiency in flower and fruit skin of peach ( Prunus persica ),10.1111/tpj.15312,https://openalex.org/W3157450640,"Summary Flower and fruit colors are important agronomic traits. To date, there is no forward genetic evidence that the glutathione S‐transferase ( GST ) gene is responsible for the white flower color in peach ( Prunus persica ). In this study, genetic analysis indicated that the white‐flower trait is monogenetic, is recessive to the non‐white allele, and shows pleiotropic effects with non‐white‐flowered types. The genetic locus underpinning",unreviewed,direct_title_support_plus_replication_or_context
P1,Wahlenbergia albomarginata,Campanulaceae,3,1,3,30,50,Where have all the blue flowers gone: pollinator responses and selection on flower colour in New Zealand Wahlenbergia albomarginata,10.1111/j.1420-9101.2011.02430.x,https://openalex.org/W1731095030,"correlated traits on pollinator visitation and pollen transfer. We combined selection analysis and phenotypic manipulations to measure the effect of petal colour on visitation and pollen export at two spatial scales in Wahlenbergia albomarginata. This species is representative of many New Zealand alpine herbs that have secondarily evolved white or pale flowers. The major pollinators, solitary bees, exerted phenotypic selection on flower size but not colour, qua",unreviewed,direct_title_support_plus_replication_or_context
P1,Arum maculatum,Araceae,3,1,3,22,58,Variation in scent amount but not in composition correlates with pollinator visits within populations of deceptive Arum maculatum L. (Araceae),10.3389/fpls.2022.1046532,https://openalex.org/W4313987291,"al emission and composition) and floral visitors in deceptive plants, we studied floral scent, visitor assemblages, and fruit set in two populations of fly-pollinated (Psychodidae, Sphaeroceridae; Diptera) and deceptive Arum maculatum from Austria (JOS) and northern Italy (DAO). By correlating individual data on floral scent and visitor assemblages, we show that inter-individual variation in floral scent partly explains variation in visitor assemblag",unreviewed,direct_title_support_plus_replication_or_context
P1,Butomus umbellatus,Butomaceae,3,1,2,29,67,Asymmetric pollen–pistil interactions contribute to maintaining floral colour polymorphism in a clonal aquatic plant (Butomus umbellatus L.),10.1016/j.aquabot.2012.12.007,https://openalex.org/W2025476323,Asymmetric pollen–pistil interactions contribute to maintaining floral colour polymorphism in a clonal aquatic plant (Butomus umbellatus L.),unreviewed,direct_title_support_plus_replication_or_context
P1,Collinsia heterophylla,Plantaginaceae,2,1,2,33,46,Floral scent and pollinator visitation in relation to floral colour morph in the mixed‐mating annual herb Collinsia heterophylla,10.1111/njb.03025,https://openalex.org/W3158771313,"less investigated than other floral traits. Previous studies suggest the importance of joint exploration of olfactory and visual floral cues to understand plant–pollinator interactions. We investigated flower scents in Collinsia heterophylla , a bee‐pollinated, annual herb a with mixed‐mating system combining self‐ and outcross‐pollination. In Collinsia , floral size and development variation is related to mating system, ranging from large‐flowered mixed‐ma",unreviewed,direct_title_support_plus_replication_or_context
P1,Leptosiphon parviflorus,Polemoniaceae,2,1,2,33,60,Flower Color Variation and its Maintenance: Experimental Ecology of Serpentine-Adapted Leptosiphon parviflorus Benth. (Polemoniaceae),,https://openalex.org/W7114831063,"specific variation is the production of anthocyanins, pigments responsible for red, pink, and blue colors in plants and that can also provide protection from abiotic stressors, such as water limitation and heavy metals. Leptosiphon parviflorus Benth. (Polemoniaceae, variable linanthus) is an annual wildflower whose individuals produce either pink or white flowers, and both flower color morphs often co-occur within populations. To assess potential fitness diff",unreviewed,direct_title_support_plus_replication_or_context
P1,Eruca sativa,Brassicaceae,2,1,2,30,40,Natural Variation in Flower Color and Scent in Populations of Eruca sativa (Brassicaceae) Affects Pollination Behavior of Honey Bees,10.1093/jisesa/iez038,https://openalex.org/W2946516416,"Plants of Eruca sativa Mill. (Brassicaceae) from desert and Mediterranean populations in Israel differ in flower color and size. In the desert habitat, the population has higher abundance of flowers with cream color and longer petals, whereas",unreviewed,direct_title_support_plus_replication_or_context
P1,Gentiana leucomelaena,Gentianaceae,2,1,2,30,57,"Petal Color, Flower Temperature, and Behavior in an Alpine Annual Herb, Gentiana leucomelaena (Gentianaceae)",10.1657/1938-4246-42.2.219,https://openalex.org/W1994225781,"Gentiana leucomelaena (Gentianaceae), an alpine herbaceous species of the Qinghai-Tibetan Plateau, has two colors of flowers (blue and white) that bloom in early spring. In order to determine the effect of petal color on flower interior temp",unreviewed,direct_title_support_plus_replication_or_context
P1,Cypripedium calceolus,Orchidaceae,2,1,2,17,30,"Temporal cycles and spatial asynchrony in the reproduction and growth of a rare nectarless orchid, Cypripedium calceolus",10.1093/botlinnean/bow008,https://openalex.org/W2591908540,"ermittent synchronous reproduction), it has attracted less attention in nonmasting species. Here, we studied intra-individual variation in the flowering intensity and plant size of a nonmasting, rare terrestrial orchid, Cypripedium calceolus, using long-term monitoring data from three populations in Finland and two populations in Estonia. Flowering intensity and plant size showed 2-year cycles, indicating that reproduction and growth were regulated by past",unreviewed,direct_title_support_plus_replication_or_context
P1,Dahlia variabilis,Asteraceae,2,1,1,20,38,Selection of non-fading lines for high quality cut-flower production in Dahlia variabilis ′Nessho′ by elucidating mechanisms of low temperature induced flower color fading,10.18926/67829,https://openalex.org/W7111286713,Selection of non-fading lines for high quality cut-flower production in Dahlia variabilis ′Nessho′ by elucidating mechanisms of low temperature induced flower color fading,unreviewed,direct_title_support_plus_replication_or_context
P1,Stellera chamaejasme,Thymelaeaceae,2,1,1,19,31,Canalized gene regulatory networks stabilize floral polymorphism and enable modular transgressive expression,10.64898/2026.04.16.719044,https://openalex.org/W7155106124,"rphisms frequently persist across heterogeneous environments despite ongoing gene flow, yet the regulatory mechanisms maintaining discrete phenotypes remain unclear. We tested whether alternative flower-colour morphs in Stellera chamaejasme L. are maintained by canalized gene regulatory architectures that stabilize expression around morph-specific optima. We used a pan-transcriptomic and eco-evolutionary framework integrating genome-wide gene expression pr",unreviewed,direct_title_support_plus_replication_or_context
P1,Adenium obesum,Apocynaceae,2,1,1,13,25,Genetic inheritance and selection in desert rose progenies,,https://openalex.org/W7119330886,"The ornamental plant market thrives on novelty and, to meet demand, breeders seek new cultivars with floral attributes of color and shape that increase ornamental value. Adenium obesum, popularly known as desert rose, is a prominent plant in the recent floricultural scene. Understanding the genetic mechanism of development of morphological characters can contribute to screening parents and selection o",unreviewed,direct_title_support_plus_replication_or_context
P1,Centaurea cyanus,Asteraceae,2,1,1,13,25,Fe 3+ ‐Mediated Blue Pigment Formation via Collaborative Regulation of Iron Homeostasis by VIT1 and Ferritin : Insights for Blue Flower Breeding,10.1111/pce.70472,https://openalex.org/W7134835829,"ABSTRACT The bright blue colouration of Centaurea cyanus (cornflower) is attributed to a supramolecular pigment formed via metal ion chelation with accumulated cyanidin (Cy) and co‐pigments, yet the underlying genetic regulatory mechanisms remain incompletely understood. Eluc",unreviewed,direct_title_support_plus_replication_or_context
P1,Carthamus tinctorius,Asteraceae,2,1,1,12,22,Speed breeding advancements in safflower (Carthamus tinctorius L.): a simplified and efficient approach for accelerating breeding programs,10.1007/s11032-024-01530-4,https://openalex.org/W4406199517,Speed breeding advancements in safflower (Carthamus tinctorius L.): a simplified and efficient approach for accelerating breeding programs,unreviewed,direct_title_support_plus_replication_or_context
P1,Anemone palmata,Ranunculaceae,1,1,1,39,39,Pollinator response to yellow UV ‐patterned versus white UV ‐patternless flower dimorphism in Anemone palmata,10.1111/plb.13702,https://openalex.org/W4402126765,"Flower colour polymorphisms are uncommon but widespread among angiosperms and can be maintained by a variety of balancing selection mechanisms. Anemone palmata is mostly yellow-flowered, but white-flowered plants coexist in some populations. We analysed the distribution of colour morphs of A. palmata across its range. We also characterised their colours and compared their vege",unreviewed,direct_title_support_plus_replication_or_context
P1,Boechera stricta,Brassicaceae,1,1,1,39,39,Ecological causes and consequences of flower color polymorphism in a self‐pollinating plant ( Boechera stricta ),10.1111/nph.14998,https://openalex.org/W2790063807,"this mechanism cannot explain flower color polymorphisms in self-pollinating species. Indirect selection mediated via biotic and abiotic stresses could maintain flower color variation in these systems. The selfing forb, Boechera stricta, typically displays white flowers, but some individuals produce purple flowers. We quantified environmental correlates of flower color in natural populations. To disentangle plasticity from genotypic variation, we perfo",unreviewed,direct_title_support_plus_replication_or_context
P1,Clarkia xantiana,Onagraceae,1,1,1,39,39,Frequency–dependent pollinator foraging in polymorphic Clarkia xantiana ssp. xantiana populations: implications for flower colour evolution and pollinator interactions,10.1111/j.0030-1299.2006.14289.x,https://openalex.org/W2030950602,"g by some pollinator species, possibly contributing to the maintenance of flower colour variation by negative frequency–dependent selection. We addressed this idea with pollination studies of the California annual plant Clarkia xantiana ssp. xantiana (Onagraceae), which is polymorphic for the presence of conspicuous petal spots and is pollinated by several specialist bee species. At the level of entire pollinator assemblages, we did not detect signific",unreviewed,direct_title_support_plus_replication_or_context
P1,Convolvulus arvensis,Convolvulaceae,1,1,1,39,39,Spatial patterns of flower colour variation in native and introduced ranges of Convolvulus arvensis (Convolvulaceae) revealed by citizen‐science data and machine learning,10.1111/plb.13537,https://openalex.org/W4376223817,"s. Investigation of this phenomenon led to multiple discoveries, including the principles of heredity and the foundations of population genetics. I examined flower colour variation across native and introduced ranges of Convolvulus arvensis, which exhibits flower colour polymorphism (individuals have white or pink petals). To study flower colour variation of this species throughout large geographic scale, I used observations gathered from the iNaturalist p",unreviewed,direct_title_support_plus_replication_or_context
P1,Cymbidium kanran,Orchidaceae,1,1,1,39,39,Anthocyanin Genes Involved in the Flower Coloration Mechanisms of Cymbidium kanran,10.3389/fpls.2021.737815,https://openalex.org/W3207916119,"tacular flowers and ecological adaptations. Various polymorphisms of orchid flower colour can attract pollinators and be recognised as valuable horticultural ornamentals. As one of the longest historic cultured orchids, Cymbidium kanran has been domesticated for more than 2,500 years and is an ideal species to study coloration mechanisms because of plentiful variations in floral coloration and abundant traditional varieties. In this study, we used two",unreviewed,direct_title_support_plus_replication_or_context
P1,Encelia farinosa,Asteraceae,1,1,1,39,39,Population structure and natural selection across a flower color polymorphism in the desert plant Encelia farinosa,10.1002/ajb2.16413,https://openalex.org/W4403034968,"and history in structuring polymorphisms. METHODS: In this study, we combine field-sampling, genetics, climatic analyses, and machine learning to understand a flower color polymorphism in the wide-ranging desert annual Encelia farinosa. RESULTS: We find evidence for replicated transitions in disk floret color from brown to yellow across spatial scales, with the most prominent cline stretching ~100 km from southwestern United States into México. Becaus",unreviewed,direct_title_support_plus_replication_or_context
P1,Geranium nepalense,Geraniaceae,1,1,1,39,39,Flower Colour Polymorphism in Geranium nepalense (Geraniaceae): Adaptation to Non-Pollinator Agents,10.3161/15052249pje2016.64.4.007,https://openalex.org/W2588750614,"ABSTRACT Flower colour polymorphism is attributed to pollinator or non-pollinator mediated selection. Geranium nepalense has common white morph and very rare pink morph. We compared pollinator visitation frequencies, temperature and soil moisture between two morphs in the mixed morph population. We also compared morph ratio and reproducti",unreviewed,direct_title_support_plus_replication_or_context
P1,Leavenworthia stylosa,Brassicaceae,1,1,1,39,39,Reproductive character displacement shapes a spatially structured petal color polymorphism in Leavenworthia stylosa,10.1111/evo.12659,https://openalex.org/W2005881429,"cological character displacement) or the risk of forming hybrids with reduced fitness (reproductive character displacement). We test these and alternative hypotheses to explain a yellow-white petal color polymorphism in Leavenworthia stylosa, where yellow morphs are spatially associated with a white-petaled congener (Leavenworthia exigua) that produces hybrids with complete pollen sterility. A reciprocal transplant experiment found limited evidence of local",unreviewed,direct_title_support_plus_replication_or_context
P1,Leptocereus scopulophilus,Cactaceae,1,1,1,39,39,"Flower morphs in Leptocereus scopulophilus (Cactaceae) and their reproductive success in Pan de Matanzas, Cuba",10.25223/brad.n40.2022.a1,https://openalex.org/W4280574450,"Flower colour polymorphism is one of the most attractive features in pollination studies. This article investigates the factors influencing the frequency of flower colour polymorphism in the Cuban cactus Leptocereus scopulophilus, where four flower morphs have been reported. We determined whether the colour of the tepals is a discrete variable and estimated morphs frequency in the population. To explain the frequencies of the flower morphs, we c",unreviewed,direct_title_support_plus_replication_or_context
P1,Limonium wrightii,Plumbaginaceae,1,1,1,39,39,Origin of the disjunct distribution of flower colour polymorphism within Limonium wrightii (Plumbaginaceae) in the Ryukyu Archipelago,10.1111/j.1095-8312.2009.01253.x,https://openalex.org/W1926307786,"The sea lavender, Limonium wrightii, has six morphs of flower colour variation. The geographical distribution of flower colour morphs is disjunct; the distribution of the pink flower morph is divided into two subregions, and that of the yellow flower morp",unreviewed,direct_title_support_plus_replication_or_context
P1,Lupinus pilosus,Fabaceae,1,1,1,39,39,Flower‐Colour Polymorphism in Lupinus pilosus in Israel,10.1111/j.1439-0523.1987.tb01189.x,https://openalex.org/W1985541337,"Abstract Four rare flower‐colour mutants were detected in natural populations of Lupinus pilosus in Israel. The breeding systems and genetic bases of three oif them were examined. Mutants were tagged in wild populations and seed obtained upon open pollination was collected and grown in a, net house which was insect",unreviewed,direct_title_support_plus_replication_or_context
P1,Ophiorrhiza japonica,Rubiaceae,1,1,1,39,39,Maintenance of flower color dimorphism in Ophiorrhiza japonica (Rubiaceae): responses to fluctuating temperatures in a dolomite Karst region,10.3389/fpls.2024.1495112,https://openalex.org/W4405558795,"ther non-pollinator stress factors. Generally, flower color polymorphism demonstrates effective acclimatization linked to either pollinator-mediated selection or pleiotropic effects. Methods: To test these hypotheses in Ophiorrhiza japonica, we compared pollinator visitation frequencies and plant traits between pink and white morphs in Shibing, a dolomite Karst region recognized as a World Natural Heritage Site. We also assessed the ratio of flower morphs",unreviewed,direct_title_support_plus_replication_or_context
P1,Lupinus perennis,Fabaceae,1,1,1,33,33,Effects of Flower Color on Pollination and Seed Production in Lupinus Perennis,,https://openalex.org/W3041830603,"We examined how flower color morphs (blue vs white) in Lupinus perennis affect the probability of a flower setting fruit, average mass of a seed produced, and average number of seeds per pod.",unreviewed,direct_title_support_plus_replication_or_context
P1,Opuntia streptacantha,Cactaceae,1,1,1,33,33,Morphological and phenological variation of flower colour morphs in a wild population of Opuntia streptacantha (Cactaceae),10.5091/plecevo.112250,https://openalex.org/W4400298785,"tely 220 species. The considerable morphological and anatomical diversity among these species has resulted in a remarkable adaptative plasticity, evident in both intra- and interspecific variability. Our study system is Opuntia streptacantha , which has two flower colour morphs: yellow and orange. The objective is to determine if there are morphological differences in the reproductive and vegetative structures between floral morphs. Material and methods – W",unreviewed,direct_title_support_plus_replication_or_context
P1,Rhododendron arboreum,Ericaceae,1,1,1,33,33,"Altitudinal variation in flower color and attraction pattern of Rhododendron arboreum Sm. in central Himalayan Region of Uttarakhand, India",10.1163/22238980-bja10061,https://openalex.org/W4281817580,"ation and attraction as a mechanism for pollination and protection of floral parts. As part of this study, a survey relating to flower color variation and differences in spotting pattern (nectar guides) was conducted on Rhododendron arboreum , a widespread tree species in the mountainous region of Uttarakhand state, at 43 different altitudinal locations. Seven original color morphs of flowers and five types of spot variation in the nectar guide were observe",unreviewed,direct_title_support_plus_replication_or_context
P1,Lilium sulphureum,Liliaceae,1,1,1,31,31,Studies on Intraspecific Differentiations of Flowering Colors of Lilium sulphureum Baker apud Hook.f.in Yunnan,,https://openalex.org/W2357395938,"Intraspecific differentiations in flower color are obvious in Lilium sulphureum Baker apud Hook.f.in Yunnan.There are polymorphsim within populations and obvious polytypism among populations.The flower color presents gradient variation.Specially,variations of flower color within Puer population are",unreviewed,direct_title_support_plus_replication_or_context
P1,Narcissus pseudonarcissus,Amaryllidaceae,1,1,1,31,31,Transcriptome Sequencing and Biochemical Analysis of Perianths and Coronas Reveal Flower Color Formation in Narcissus pseudonarcissus,10.3390/ijms19124006,https://openalex.org/W2904598959,"Narcissus pseudonarcissus is an important bulbous plant with white or yellow perianths and light yellow to orange-red coronas, but little is known regarding the biochemical and molecular basis related to flower color polymorphisms. To investigat",unreviewed,direct_title_support_plus_replication_or_context
P1,Salvia hispanica,Lamiaceae,1,1,1,31,31,Review of floral polymorphism in chía (Salvia hispanica L.): Modified cause,10.35429/jnas.2020.20.7.14.20,https://openalex.org/W3166774049,"This article reviews the current state of knowledge about the color of the flower of the chia (Salvia hispanica L.) plant because it presents different colors, within a population that was the basis for the generation of five internationally marketed varieties. After a historical review of the most influential studies on floral c",unreviewed,direct_title_support_plus_replication_or_context
P1,Solanum carolinense,Solanaceae,1,1,1,31,31,A field investigation into potential reproductive and resistance advantages of purple-petalled plants in polymorphic populations of horsenettle (Solanum carolinense),10.5091/plecevo.128527,https://openalex.org/W4403078083,"lutionary biologists alike. Nevertheless, the diversity of genetic factors and ecological interactions that act to maintain flower-color polymorphisms over time are understood for very few species. Here, we suggest that Solanum carolinense (horsenettle) makes an excellent model system for studying the evolutionary ecology of a flower-color polymorphism, and we begin to shed insight into factors that might affect the stability of the polymorphism. Material",unreviewed,direct_title_support_plus_replication_or_context
P1,Viola diversifolia,Violaceae,1,1,1,31,31,Polymorphisme morphologique chez le pollen et la fleur de Viola diversifolia (Gingins) Becker,10.1080/01811789.1990.10827015,https://openalex.org/W2033544458,"Click to increase image sizeClick to decrease image sizeSummaryPollen and flower color polymorphism were both found in Viola diversifolia. In all populations studied, 3, 4, 5 and 6-apertured pollen grains were observed. The proportions of these four morphs did not differ significantly between flowers of the same individual, nor between individuals of the",unreviewed,direct_title_support_plus_replication_or_context
P1,Drosera cistiflora,Droseraceae,1,1,1,30,30,Breeding systems of floral colour forms in the Drosera cistiflora species complex,10.1111/plb.13159,https://openalex.org/W3044245703,"or pollinator-mediated selection on floral traits and the ecology of populations. Here we evaluate pollinator contribution to seed production, self-compatibility and pollen limitation in different floral colour forms of Drosera cistiflora sensu lato (Droseraceae). These insectivorous perennial plants are endemic to fynbos and renosterveld vegetation in the Cape Floristic Region of South Africa, and the species complex includes five floral colour forms (p",unreviewed,direct_title_support_plus_replication_or_context
P1,Gentiana triflora,Gentianaceae,1,1,1,30,30,Identification of Candidate Genes Responsible for Flower Colour Intensity in Gentiana triflora,10.3389/fpls.2022.906879,https://openalex.org/W4283395540,"Gentians cultivated in Japan ( Gentiana triflora and Gentiana scabra and hybrids) have blue flowers, but flower colour intensity differs among cultivars. The molecular mechanism underlying the variation in flower colour intensity is unclear. Here, we produced F 2 prog",unreviewed,direct_title_support_plus_replication_or_context
P1,Mammillaria haageana,Cactaceae,1,1,1,30,30,Evolution of flower allometry and pigmentation in Mammillaria haageana (Cactaceae),10.1186/s12870-021-03386-8,https://openalex.org/W4206993445,"this variation is adaptive. Under the neutral evolutionary theory, subtle phenotypes are almost neutral with little adaptive value. To test this idea, we studied the infraspecific variation in flower shape and color in Mammillaria haageana, a species with a wide geographical distribution and phenotypic variation, which populations are often recognized as infraspecific taxa. RESULTS: We collected samples from wild populations, kept them in the greenhouse f",unreviewed,direct_title_support_plus_replication_or_context
P1,Monarda fistulosa,Lamiaceae,1,1,1,30,30,High-throughput iNaturalist image analysis reveals flower color divergence in Monarda fistulosa,10.1101/2025.05.21.655392,https://openalex.org/W4410761732,"espread species is a fundamental goal of natural history. Here we create a pipeline to analyze a large community science dataset and test hypothesized flower color divergence across the range of a widespread wildflower. Monarda fistulosa is a North American perennial that produces showy lavender inflorescences. Although previous literature suggests that the flowers of western M. fistulosa might display a deeper purple color than the eastern varieties, t",unreviewed,direct_title_support_plus_replication_or_context
P1,Nicotiana glauca,Solanaceae,1,1,1,30,30,Floral colour variation of Nicotiana glauca in native and non‐native ranges: Testing the role of pollinators' perception and abiotic factors,10.1111/plb.13509,https://openalex.org/W4319295181,"c conditions in native and non-native ranges provide ideal systems to test the role of different ecological factors driving flower colour variation. We quantified corolla reflectance of the ornithophilous South American Nicotiana glauca in native populations, where plants are pollinated by hummingbirds, and in populations from two invaded regions: South Africa, where plants are pollinated by sunbirds, and the Balearic island of Mallorca, where plants r",unreviewed,direct_title_support_plus_replication_or_context
P1,Papaver radicatum,Papaveraceae,1,1,1,30,30,Temperature Relations of Yellow and White Flowered Papaver Radicatum in North Greenland,10.1080/00040851.1989.12002712,https://openalex.org/W4403177336,"In North Greenland Papaver radicatum occurs with white flowers together with the well-known type with yellow flower color. The white type is most frequent at low altitudes near the coast. With increasing height above sea level, the frequency of white-flowe",unreviewed,direct_title_support_plus_replication_or_context
P1,Paphiopedilum micranthum,Orchidaceae,1,1,1,30,30,Metabolomic and Transcriptomic Analysis Reveal the Role of Metabolites and Genes in Modulating Flower Color of Paphiopedilum micranthum,10.3390/plants12102058,https://openalex.org/W4378084487,"Food-deceptive flowers primarily use visual signals (such as color) to mimic model plants and deceive insects into achieving pollination. Paphiopedilum micranthum is a food-deceptive orchid that has a pink labellum and two purple petals with a yellow base and has been proven to be pollinated by bumblebees. However, the chemical and molecular bases of the floral color are not well",unreviewed,direct_title_support_plus_replication_or_context
P1,Prunus mume,Rosaceae,1,1,1,30,30,Integration of Metabolomic and Transcriptomic Analyses Reveals the Molecular Mechanisms of Flower Color Formation in Prunus mume,10.3390/plants13081077,https://openalex.org/W4394716468,"Flower color is an important trait that affects the economic value of Prunus mume, a famous ornamental plant in the Rosaceae family. P. mume with purple–red flowers is uniquely charming and highly favored in landscape applications. However, little is known about its flower coloring mechanism, which s",unreviewed,direct_title_support_plus_replication_or_context
P1,Rehmannia glutinosa,Rehmanniaceae,1,1,1,30,30,Sequence Variations in MYB (v-myb Myeloblastosis Viral Oncogene Homolog) Genes Impair Anthocyanin Biosynthesis and Contribute to Yellow Flower Phenotype in Rehmannia glutinosa,10.3390/biom16010095,https://openalex.org/W7118966692,"The corolla of Rehmannia glutinosa typically exhibits a stable reddish-purple color, but a naturally occurring yellow-flowered variant has recently been identified. To clarify the molecular basis of flower color variant, metabolomics, transcriptomics, an",unreviewed,direct_title_support_plus_replication_or_context
P1,Rhododendron simsii,Ericaceae,1,1,1,30,30,Integrated Analyses of Metabolome and RNA-seq Data Revealing Flower Color Variation in Ornamental Rhododendron simsii Planchon,10.3390/genes15081041,https://openalex.org/W4401425281,"Rhododendron simsii Planchon is an important ornamental species in the northern hemisphere. Flower color is an important objective of Rhododendron breeding programs. However, information on anthocyanin synthesis in R. simsii is limited. In",unreviewed,direct_title_support_plus_replication_or_context
P1,Tulipa suaveolens,Liliaceae,1,1,1,30,30,"Geographical features of Tulipa suaveolens Roth (Liliaceae, Magnoliophyta) distribution by flower color across its European range",10.35885/1684-7318-2022-2-150-172,https://openalex.org/W4308801437,"The range of the polychromous Tulipa suaveolens Roth comprises almost the whole Ponto-Caspian Steppe, from the south-east of Ukraine to western Kazakhstan. High variation in flower color is a unique feature of this species, but features of its geographical distributi",unreviewed,direct_title_support_plus_replication_or_context
P1,Linum pubescens,Linaceae,1,1,1,28,28,Pollinator‐mediated selection on floral size and tube color in Linum pubescens : Can differential behavior and preference in different times of the day maintain dimorphism?,10.1002/ece3.3683,https://openalex.org/W2780691752,"sm, but it has rarely been shown to result from differential behavior of one pollinator. We tested whether different behaviors of the same pollinators in morning and evening are associated with dimorphic floral trait in Linum pubescens, a Mediterranean annual plant that exhibits variable within‐population frequencies of dark‐ and light‐colored flower tubes. Usia bicolor bee‐flies, the major pollinators of L. pubescens , are mostly feeding in the flowe",unreviewed,direct_title_support_plus_replication_or_context
P1,Acer pictum,Sapindaceae,1,1,1,26,26,The functional significance of a stigma color polymorphism in Acer pictum subsp. mono (Aceraceae),10.1093/jpe/rtv018,https://openalex.org/W1986840127,"However, little information is available on stigma color polymorphisms in flowering plants despite their important functional role in plant reproduction. We studied a stigma color polymorphism at the individual level in Acer pictum subsp. mono (aka A. mono) by investigating stigma-color morph proportion and comparing stigma performance and components of female fitness (pollen adhesion, pollen germination, fruit set, seed set and fruit weight) betw",unreviewed,direct_title_support_plus_replication_or_context
P1,Beta vulgaris,Amaranthaceae,1,1,1,26,26,Effects of fine-scale genetic structure on male mating success in gynodioecious Beta vulgaris ssp. maritima,10.1111/j.1365-294x.2010.04586.x,https://openalex.org/W1983316410,"pollen and seed dispersal are often spatially restricted. However, the reciprocal outcomes of population structure on the dynamics of polymorphic mating systems have received little attention. In gynodioecious sea beet (Beta vulgaris ssp. maritima), three sexual types co-occur: females carrying a cytoplasmic male sterility (CMS) gene, hermaphrodites carrying a non-CMS cytoplasm and restored hermaphrodites that carry CMS genes and nuclear restorer al",unreviewed,direct_title_support_plus_replication_or_context
P1,Cypripedium guttatum,Orchidaceae,1,1,1,26,26,Conservation issues and infraspecific polymorphism of Cypripedium guttatum on selected locations in Russia,10.24189/ncr.2020.054,https://openalex.org/W3085036340,"ey have special requirements that makes it difficult to transplant them from the wild and they are rarely surviving after. They are therefore a key group in conservation. This research aimed to study the polymorphism of Cypripedium guttatum flowers in their natural populations on selected locations in Russia. On the basis of studying C. guttatum populations in Primorsky Krai, Sverdlovsk region, Komi Republic, and Krasnoyarsky Krai, we identified and descri",unreviewed,direct_title_support_plus_replication_or_context
P1,Moringa oleifera,Moringaceae,1,1,1,26,26,Estimates of outcrossing rates in Moringa oleifera using Amplified fragment length polymorphism (AFLP),10.5897/ajb2004.000-2026,https://openalex.org/W2114661249,"seed orchards, randomisation and minimum distance between related individuals need to be worked out to maximise cross-fertilisation among unrelated clones and minimise selfing or mating among related ramets. Key words: Moringa oleifera, mating system, outcrossing rates, amplified fragment length polymorphism.",unreviewed,direct_title_support_plus_replication_or_context
P1,Utricularia amethystina,Lentibulariaceae,1,1,1,26,26,"Sistemática, evolução e biologia reprodutiva de Utricularia com ênfase para Utricularia amethystina Salzm. Ex A.St.-Hil. & Girard (Lentibulariaceae)",,https://openalex.org/W2133327242,"s species are highly polymorphic in many traits such as habit, pollen, seed and trap morphology. Many species has a compact genome resulted from the deletion of non-coding regions, and other peculiar molecular features. Utricularia amethystina is described as one of the most polymorphic species in the genus, it has a complex taxonomic history and is found across the American continents. Its polymorphism is reflected on plant height, corolla's size and shape,",unreviewed,direct_title_support_plus_replication_or_context
P1,Brassica juncea,Brassicaceae,1,1,1,25,25,Beyond yellow: discovery and genetic dissection of an apricot petal color in Brassica juncea L,10.3389/fpls.2026.1767871,https://openalex.org/W7127038454,"Brassica juncea is an important oilseed and vegetable crop whose flowers are typically yellow, largely owing to carotenoid pigmentation. Here, we report a novel, heritable apricot-flowered variant designated ‘Caijie,’ from a wild B. ju",unreviewed,direct_title_support_plus_replication_or_context
P1,Gerbera aurantiaca,Asteraceae,1,1,1,25,25,Geographical Variation in Flower Color in the Grassland Daisy Gerbera aurantiaca: Testing for Associations With Pollinators and Abiotic Factors,10.3389/fevo.2021.676520,https://openalex.org/W3173834513,"rs or may reflect abiotic factors such as soil chemistry or neutral processes such as genetic drift. Here we document striking geographical structure in the color of capitula of the endemic South African grassland daisy Gerbera aurantiaca and ask which of these competing explanations best explains this pattern. The color of capitula ranges from predominantly red in the southwest to yellow in the center, with some northern populations showing within-popul",unreviewed,direct_title_support_plus_replication_or_context
P1,Gustavia santanderiensis,Lecythidaceae,1,1,1,25,25,"Morphological redescription and ecological niche modelling of Gustavia santanderiensis (Lecythidaceae), with a key for the genus in the Magdalena Valley, Colombia",10.5091/plecevo.165628,https://openalex.org/W7133957166,"the ecoregions that encompass the Magdalena Valley. The model was generated using a unique set of bioclimatic variables, with their contributions and permutation importance estimated. Key results – The flower colour in Gustavia santanderiensis , previously described by Knuth and Mori as white petals, varies considerably. Surprisingly, none of the specimens cited by Mori and Prance (1979) in their monograph corresponds to G. santanderiensis . Its geographic ra",unreviewed,direct_title_support_plus_replication_or_context
P1,Mirabilis jalapa,Nyctaginaceae,1,1,1,25,25,"Betalain Color Morphs Exhibit Differential Growth, Defensive Ability, and Pollen Tube Growth Rates in Mirabilis jalapa (Nyctaginaceae)",10.1086/673245,https://openalex.org/W2065776166,"heir phylogenetic counterparts, the anthocyanins, do.Methodology. We measured floral and leaf betalain concentrations and several phenological and performance traits in four floral color morphs of horticultural lines of Mirabilis jalapa (Nyctaginaceae). We also performed herbivore assays and measured pollen tube length in situ to investigate the role of betalain concentration in defense and prezygotic barriers among the floral color morphs.Pivotal resu",unreviewed,direct_title_support_plus_replication_or_context
P1,Rhododendron latoucheae,Ericaceae,1,1,1,25,25,Insight into the Molecular Mechanism of Flower Color Regulation in Rhododendron latoucheae Franch: A Multi-Omics Approach,10.3390/plants12162897,https://openalex.org/W4385650642,"Rhododendron latoucheae Franch. (R. latoucheae) is a valuable woody plant known for its high ornamental value. While purple flowers are a distinct and attractive variant phenotype of R. latoucheae, the underlying mechanism regulating its flowe",unreviewed,direct_title_support_plus_replication_or_context
P1,Rhododendron sanguineum,Ericaceae,1,1,1,25,25,Differential expressions of anthocyanin synthesis genes underlie flower color divergence in a sympatric Rhododendron sanguineum complex,10.1186/s12870-021-02977-9,https://openalex.org/W3159142738,"BACKGROUND: The Rhododendron sanguineum complex is endemic to alpine mountains of northwest Yunnan and southeast Tibet of China. Varieties in this complex exhibit distinct flower colors even at the bud stage. However, the underlying molecular regulations for",unreviewed,direct_title_support_plus_replication_or_context
P1,Argyranthemum frutescens,Asteraceae,1,1,1,22,22,"Obtainment and confirmation of intergeneric hybrids between marguerite ( Argyranthemum frutescens (L.) Sch.Bip.) and two Rhodanthemum species ( R. hosmariense (Ball) B. H. Wilcox, K. Bremer & Humphries and R. catananche (Ball) B. H. Wilcox, K. Bremer & Humphries)",10.5511/plantbiotechnology.23.0202a,https://openalex.org/W4380208217,"Argyranthemum frutescens (L.) Sch.Bip. and Rhodanthemum gayanum (Coss. & Durieu) B. H. Wilcox, K. Bremer & Humphries are capable of hybridization. To expand flower color variation in this intergeneric hybrid group, we performed crosses using A.",unreviewed,direct_title_support_plus_replication_or_context
P1,Chimonanthus praecox,Calycanthaceae,1,1,1,22,22,Metabolomic and transcriptomic analyses jointly reveal the mechanism underlying the reddening of Chimonanthus praecox stamens,10.3389/fpls.2024.1491246,https://openalex.org/W4404541331,"Introduction Flower characteristics are crucial ornamental and reproductive traits in Chimonanthus praecox . Over its long cultivation history, variations have been observed in the floral organs, primarily in the petals, with limited reports on stamen traits. Stamen variation, integral to the mating system, can enhance the p",unreviewed,direct_title_support_plus_replication_or_context
P1,Gloriosa superba,Colchicaceae,1,1,1,22,22,Integrated Metabolome and Transcriptome Analysis of Petal Anthocyanin Accumulation Mechanism in Gloriosa superba ‘Rothschildiana’ during Different Flower Development Stages,10.3390/ijms242015034,https://openalex.org/W4387498734,"Flower color is a key ornamental trait in plants. The petals of Gloriosa superba ‘Rothschildiana’ petals undergo a color transformation from yellow to red during their development, but the molecular mechanism of this process remains unexplored. This study examines the anthocyanin profiles and gene e",unreviewed,direct_title_support_plus_replication_or_context
P1,Helleborus foetidus,Ranunculaceae,1,1,1,22,22,"Plant Traits, Environmental Factors, and Pollinator Visitation in Winter-flowering Helleborus foetidus (Ranunculaceae)",10.1093/aob/mci236,https://openalex.org/W2088748499,"BACKGROUND AND AIMS: This study examined the effect of plant traits and environmental factors on pollinator visitation in the winter-flowering Helleborus foetidus (Ranunculaceae) in three distant regions in the Iberian Peninsula. METHODS: Geographical variation in floral visitor assemblage, plant traits and environmental factors were analysed during the flowering season. KEY RESU",unreviewed,direct_title_support_plus_replication_or_context
P1,Ipomopsis aggregata,Polemoniaceae,1,1,1,22,22,Genetic Mapping Reveals an Anthocyanin Biosynthesis Pathway Gene Potentially Influencing Evolutionary Divergence between Two Subspecies of Scarlet Gilia (Ipomopsis aggregata),10.1093/molbev/msx318,https://openalex.org/W2771196781,"binations may persist and evolve through genetic correlations. Here, we explore pollinator preferences and the genetic architecture of floral divergence using an extensive genetic mapping study in the hybrid zone of two Ipomopsis aggregata subspecies that exhibit a hummingbird and a hawkmoth pollinator syndrome. We found that natural selection acts on several floral traits, and that hummingbirds and hawkmoths exhibited flower color preferences as predicte",unreviewed,direct_title_support_plus_replication_or_context
P1,Linnaea borealis,Caprifoliaceae,1,1,1,22,22,"Limited mate availability decreases reproductive success of fragmented populations of Linnaea borealis, a rare, clonal self-incompatible plant",10.1093/aob/mcp007,https://openalex.org/W2120343262,"wer colour, natural pollination and fruit-set levels of L. borealis were examined in Scotland. Artificially crossed seed production was compared within and between different flower colour types and patches. KEY RESULTS: Linnaea borealis was pollinated by a diverse spectrum of insect species and the principal pollinators were muscid, syrphid and empid flies which mostly moved only small distances (<0.25 m) between flowers when foraging. Natural pollinat",unreviewed,direct_title_support_plus_replication_or_context
P1,Rhododendron dauricum,Ericaceae,1,1,1,22,22,Anthocyanin Metabolite and Transcriptome Sequencing Analysis Reveals White Flowers in Rhododendron dauricum var. albiflorum,10.3390/horticulturae9101071,https://openalex.org/W4387052369,"Rhododendron dauricum is a cold-hardy shrub integrating ornamental, medicinal, and aromatic functions. Flower color is an important feature related to ornamental value for breeders and consumers. Nevertheless, the coloration mechanism of flo",unreviewed,direct_title_support_plus_replication_or_context
P1,Rosa damascena,Rosaceae,1,1,1,22,22,"FROM FRAGRANCE TO FORTUNE: UNVEILING THE BOTANICAL, SOCIOECONOMIC, AND GLOBAL SIGNIFICANCE OF ROSA DAMASCENA",10.51193/ijaer.2024.10608,https://openalex.org/W4406333996,"lineage and botanical relationships, alongside an examination of its distinctive attributes, including thorny stems, fragrant flowers, and vibrant petals. Additionally, the review uncovers genetic mysteries surrounding Rosa damascena, investigating the complex genetic interplay governing traits like fragrance production, flower color variation, and disease resistance. Furthermore, it sheds light on the socio-economic aspects of Rosa damascena cultiv",unreviewed,direct_title_support_plus_replication_or_context
P1,Scutellaria baicalensis,Lamiaceae,1,1,1,22,22,Integrated metabolome and transcriptome analyses of anthocyanin biosynthesis reveal key candidate genes involved in colour variation of Scutellaria baicalensis flowers,10.1186/s12870-023-04591-3,https://openalex.org/W4389751310,"nsects to complete pollination and provides distinct ornamental values. In some medicinal plants, diverse flower colour variations usually imply differences in active ingredients. Compared to the common bluish purple of Scutellaria baicalensis flower (SB), the natural variants present rose red (SR) and white (SW) flowers were screened out under the same growing conditions in the genuine producing area Shandong Province, China. However, the mechanism of flower",unreviewed,direct_title_support_plus_replication_or_context
P1,Zinnia elegans,Asteraceae,1,1,1,22,22,"Gamma rays induced variations in seed germination, growth and phenotypic characteristics of Zinnia elegans var. Dreamland",10.13128/ahs-20289,https://openalex.org/W2782217468,"Zinnia elegans is a herbaceous annual with diverse flower colours, flower types and plant height. Zinnia elegans are popular as pot plants and also for landscape gardening. The commercial value of Zinnia can be increased with novel traits such as flower colour and form. One of the techniques to develop plant varieties with superio",unreviewed,direct_title_support_plus_replication_or_context
P1,Dactylorhiza romana,Orchidaceae,1,1,1,20,20,Systematics and evolution of the Dactylorhiza romana/sambucina polyploid complex (Orchidaceae),10.1111/j.1095-8339.2006.00573.x,https://openalex.org/W2131150101,"The European-Mediterranean-Oriental Dactylorhiza romana/sambucina polyploid complex was studied with regard to genetic and morphological variation patterns. Allozyme and morphometric data were collected from 24 and 19 populations, respectively, initially identified as D. fla",unreviewed,direct_title_support_plus_replication_or_context
P1,Heliconia irrasa,Heliconiaceae,1,1,1,20,20,Long-Tailed Hermit Hummingbird Visits to Inflorescence Color Morphs of Heliconia irrasa,10.2307/1367077,https://openalex.org/W2328833611,Visits by Long-tailed Hermit hummingbirds (Phaethornis superciliosus) to flowers of different inflorescence color morphs in a natural population of Heliconia irrasa were monitored indirectly using fluorescent powder. The two color morphs (red and yellow) were indistinguishable with respect to amount and rate of reward (nectar) offered to pollinators. The birds did not appear to pre,unreviewed,direct_title_support_plus_replication_or_context
P1,Lupinus polyphyllus,Fabaceae,1,1,1,20,20,"Bumblebee visits to different colour morphs of the Washington lupine, Lupinus polyphyllus",10.33338/ef.83851,https://openalex.org/W2201993718,"We examined the flower visits of bumblebees (Hymenoptera, Apoidea, Bomb us spp.) to Lupinus polyphyllus Lindley (Fabaceae) in southern Finland. The racemes of the plant bear nectarless flowers which appear in three main colour morphs, blue, red and white, of which blue is the most common. Blue inflorescences had the great",unreviewed,direct_title_support_plus_replication_or_context
P1,Nigella degenii,Ranunculaceae,1,1,1,20,20,COMPARATIVE ANALYSES OF POPULATION STRUCTURE IN TWO SUBSPECIES OF NIGELLA DEGENII : EVIDENCE FOR DIVERSIFYING SELECTION ON POLLEN‐COLOR DIMORPHISMS,10.1111/j.0014-3820.2006.tb01133.x,https://openalex.org/W4320996989,"fferent environments may therefore favor different pigmentation phenotypes. We examined whether spatially varying selection has played a major role in shaping large‐scale patterns of differentiation in two subspecies of Nigella degenii (Ranunculaceae), with particular emphasis on pollen color. The two subspecies appear to have been genetically isolated for substantial periods of time and, therefore, provide a “replicated test” for the effect of natura",unreviewed,direct_title_support_plus_replication_or_context
P1,Phlox kelseyi,Polemoniaceae,1,1,1,20,20,Biosystematics of Phlox kelseyi (Polemoniaceae),,https://openalex.org/W2335835263,lysis for 34 multivariate analyses.Breeding system experimental design.38 Summary statistics for morphological characters of Phlox kelseyi and its infraspecific taxa.41 Significantly different discrete characters of the Phlox kelseyi infraspecific taxa.47 Salient morphological characters in Phlox kelseyi.50 Predicted taxon membership from discriminant analysis for Phlox kelseyi specimens examined.53 Mean seed set per flower from 1985 breeding system,unreviewed,direct_title_support_plus_replication_or_context
P1,Saponaria officinalis,Caryophyllaceae,1,1,1,20,20,Sexual Dimorphism of Staminate- and Pistillate-Phase Flowers of Saponaria officinalis (Bouncing Bet) Affects Pollinator Behavior and Seed Set,10.1371/journal.pone.0093615,https://openalex.org/W2053488741,"le function in flowers of dichogamous species allows for the evolution of differing morphologies that maximize fitness through seed siring and seed set. We examined staminate- and pistillate-phase flowers of protandrous Saponaria officinalis for dimorphism in floral traits and their effects on pollinator attraction and seed set. Pistillate-phase flowers have larger petals, greater mass, and are pinker in color, but due to a shape change, pistillate-phase fl",unreviewed,direct_title_support_plus_replication_or_context
P1,Silene dioica,Caryophyllaceae,1,1,1,20,20,Inheritance and reproductive consequences of floral anthocyanin deficiency in Silene dioica ( Caryophyllaceae ),10.3732/ajb.1400136,https://openalex.org/W2065254881,"utations can persist because they can affect not only pollinator visitation but also plant fertility and performance.• METHODS: We collected rare white-flowered (anthocyanin-deficient) and common pink-flowered morphs of Silene dioica from natural populations in Switzerland. First- and second-generation hybrids between pink and white morphs, as well as backcrosses toward white morphs were produced, and the proportion of white-flowered offspring was d",unreviewed,direct_title_support_plus_replication_or_context
P1,Streptanthus polygaloides,Brassicaceae,1,1,1,20,20,"The role of elevation and soil chemistry in the distribution and ion accumulation of floral morphs of Streptanthus polygaloides Gray (Brassicaceae), a Californian nickel hyperaccumulator",10.1080/17550874.2013.783141,https://openalex.org/W2104618392,"Background: The flora of serpentine/ultramafic soils provides an excellent model system for the study of natural selection in plant populations. Streptanthus polygaloides is a nickel hyperaccumulator that is endemic to serpentine soils in the Sierra Nevada of California, and has four floral morphs (yellow, purple, yellow-to-purple and undulate).Aims: We investigate three hypotheses: (1)",unreviewed,direct_title_support_plus_replication_or_context
P1,Viburnum macrocephalum,Viburnaceae,1,1,1,20,20,miRNAs involved in the development and differentiation of fertile and sterile flowers in Viburnum macrocephalum f. keteleeri,10.1186/s12864-017-4180-x,https://openalex.org/W2761460283,"unclear. RESULTS: Here, based on investigations of the morphological differences between fertile and sterile flowers, we used high-throughput sequencing to characterize the miRNAs in the differentiated floral organs of Viburnum macrocephalum f. keteleeri. We identified 49 known miRNAs and 67 novel miRNAs by small RNA (sRNA) sequencing and bioinformatics analysis, and 17 of these known and novel miRNA precursors were validated by polymerase chain reaction (P",unreviewed,direct_title_support_plus_replication_or_context
P1,Anthurium andraeanum,Araceae,1,1,1,17,17,Comparative transcriptomic analysis reveals key components controlling spathe color in Anthurium andraeanum (Hort.),10.1371/journal.pone.0261364,https://openalex.org/W4225762892,"Anthurium andraeanum (Hort.) is an important ornamental in the tropical cut-flower industry. However, there is currently insufficient information to establish a clear connection between the genetic model(s) proposed and the putative genes i",unreviewed,direct_title_support_plus_replication_or_context
P1,Bienertia cycloptera,Amaranthaceae,1,1,1,17,17,Foliage colour influence on seed germination of Bienertia cycloptera in Arabian deserts,10.1111/njb.00974,https://openalex.org/W2314337769,Bienertia cycloptera (Chenopodiaceae) produces two types of leaf foliage colour (reddish and yellowish). In order to determine the role of leaf colour variation in regulating the germination characteristics and salinity tolerance during ger,unreviewed,direct_title_support_plus_replication_or_context
P1,Caldesia grandis,Alismataceae,1,1,1,17,17,"Fine-scale spatial genetic structure of an endangered marsh herb, Caldesia grandis (Alismataceae)",10.4238/2012.may.18.10,https://openalex.org/W2329801602,"The endangered marsh herb, Caldesia grandis, is native to China. We investigated the spatial structure of the genetic variation of three populations of C. grandis using RAPD markers and spatial autocorrelation analysis, based on the method of equal distance inter",unreviewed,direct_title_support_plus_replication_or_context
P1,Cymbidium tortisepalum,Orchidaceae,1,1,1,17,17,Transcriptomics and metabolomics reveal the mechanism of metabolites changes in Cymbidium tortisepalum var. longibracteatum colour mutation cultivars,10.1371/journal.pone.0305867,https://openalex.org/W4399998072,"BACKGROUND: Foliage color is considered an important ornamental character of Cymbidium tortisepalum (C. tortisepalum), which significantly improves its horticultural and economic value. However, little is understood on the formation mechanism underlying foliage-color variations. METHODS: In this study, we applied a mu",unreviewed,direct_title_support_plus_replication_or_context
P1,Datura stramonium,Solanaceae,1,1,1,17,17,"ANTHER-STIGMA SEPARATION IS ASSOCIATED WITH INBREEDING DEPRESSION IN DATURA STRAMONIUM, A PREDOMINANTLY SELF-FERTILIZING ANNUAL",10.1111/j.0014-3820.2002.tb00143.x,https://openalex.org/W2071810889,"are mainly attributable to random accumulation of genetic load, unrelated to variation at mating-system loci. We measured female reproductive success of selfed and outcrossed progeny from naturally occurring lineages of Datura stramonium, a predominantly self-fertilizing annual weed that has heritable variation in stigma-anther separation, a trait that influences selfing rates. Progeny from inbred lineages (as identified by high degree of anther-stigma",unreviewed,direct_title_support_plus_replication_or_context
P1,Erysimum capitatum,Brassicaceae,1,1,1,17,17,"The good, the bad and the flexible: interactions of Erysimum capitatum with pollinators and herbivores over space and time",,https://openalex.org/W2595382830,"mplex effects of these biotic selective forces may lead to local adaptation. Conversely, conflicting selection by multiple herbivores and pollinators may limit local adaptation and maintain variation within populations. Erysimum capitatum (Brassicaceae) is a widespread and variable plant species with generalized pollination that is attacked by a number of herbivores. I studied interactions of E. capitatum with pollinators and herbivores in four populatio",unreviewed,direct_title_support_plus_replication_or_context
P1,Fuchsia excorticata,Onagraceae,1,1,1,17,17,"Conspicuous, green flowers are an honest signal of nectar rewards in a bird-pollinated tree (Fuchsia excorticata, Onagraceae)",10.1007/s11258-023-01390-6,https://openalex.org/W4391485354,"Abstract Bird-pollinated flowers typically appear ‘red’. Fuchsia excorticata (Onagraceae), a gynodioecious tree species endemic to New Zealand, is a notable exception. It produces ‘green’, cauliflorous flowers at early stages in flower ontogeny, when pistils are receptive. Flowers later turn ‘re",unreviewed,direct_title_support_plus_replication_or_context
P1,Iris bulleyana,Iridaceae,1,1,1,17,17,Transcriptome Analysis of Key Genes Involved in Color Variation between Blue and White Flowers of Iris bulleyana,10.1155/2023/7407772,https://openalex.org/W4317356326,"Iris bulleyana Dykes (Southwest iris) is an extensively distributed Iridaceae species with blue or white flowers. Hereby, we performed a systematic study, employing metabolomics and transcriptomics to uncover the subtle color differen",unreviewed,direct_title_support_plus_replication_or_context
P1,Iris lactea,Iridaceae,1,1,1,17,17,Identification of characteristic aroma compounds for spicy in Iris lactea var. chinensis,10.1111/ppl.14016,https://openalex.org/W4386545865,"Iris lactea var. chinensis (Fisch.) Koidz has a unique floral fragrance that differs from that of other Iris spp.; however, its characteristic aroma composition remains unknown. This study aimed to identify the floral fragrance com",unreviewed,direct_title_support_plus_replication_or_context
P1,Iris typhifolia,Iridaceae,1,1,1,17,17,Analysis of Floral Fragrance Components in Different Parts of Iris typhifolia,10.3390/horticulturae9121268,https://openalex.org/W4389049362,"Floral fragrance, as one of the evaluation indicators for ornamental plants, influences people’s perception of these plants. To explore the volatile compounds and their application value in different parts of Iris typhifolia and to investigate the contributions of each part to the floral aroma, an AIRSENSE electronic nose, principal component analysis (PCA), linear discriminant analysis (LDA), and loading analysis (Loading) are employed to",unreviewed,direct_title_support_plus_replication_or_context
P1,Rhododendron liliiflorum,Ericaceae,1,1,1,17,17,UPLC–MS/MS and Gene Expression Research to Distinguish the Colour Differences of Rhododendron liliiflorum H. Lév,10.3390/horticulturae9121351,https://openalex.org/W4389893321,"Among ornamental plants, the colour of the petals is an important feature. However, the reason for the colour differences of Rhododendron liliiflorum remains unclear. To reveal the differences in the colour of R. liliiflorum, high-efficiency liquid chromatographic collar (UPLC–MS/MS) technology was used to study the yellow and white parts of R. liliiflorum. A total o",unreviewed,direct_title_support_plus_replication_or_context
P1,Rivea ornata,Convolvulaceae,1,1,1,17,17,Trades-offs between pollinator attraction and florivore defense maximize reproductive success in the self-incompatible Rivea ornata (Convolvulaceae),10.1186/s12862-024-02301-7,https://openalex.org/W4402074833,"assessed traits related to pollinator attraction and reward, determined its mating system, identified floral visitors and effective pollinators, and investigated the effect of florivory on reproductive success. RESULTS: Rivea ornata is highly fertile but self-incompatible and an obligate outcrosser, rendering it highly dependent on pollinators. Lepidopterans, particularly nocturnal hawk moths, were found to account for a significant proportion of a",unreviewed,direct_title_support_plus_replication_or_context
P1,Rodriguezia granadensis,Orchidaceae,1,1,1,17,17,Pollination ecology of Rodriguezia granadensis (Orchidaceae),10.15517/lank.v15i2.20745,https://openalex.org/W1922006848,"En éste artículo describimos la variación fenotípica y ecología de la polinización de la epífita de ramita Rodriguezia granadensis. La especie presenta polimorfismo para el color de las flores (blanco a rosa), lo que lo llevó a hipotetizar que las diferentes formas de color pueden ser polinizadas por diferentes polinizadores. Para evaluar esta hip",unreviewed,direct_title_support_plus_replication_or_context
P1,Torenia fournieri,Linderniaceae,1,1,1,17,17,A Torenia (Torenia fournieri Lind. ex Fourn.) Novel Mutant ^|^lsquo;Flecked^|^rsquo; Produces Variegated Flowers by Insertion of a DNA Transposon into an R2R3-MYB Gene,10.2503/jjshs1.82.39,https://openalex.org/W2019915970,"B transcription factor (TfMYB1, Torenia fournieri MYB1) was much lower than in the normal type and the revertants; this was caused by insertion of a Enhancer/Suppressor-Mutator (En/Spm)-like transposon (Ttf1, Transposon Torenia fournieri 1) in the 2nd intron of TfMYB1. Furthermore, it was found that the reversion of anthocyanin accumulation in the lower lips correlated to excision of Ttf1 from the TfMYB1. Overexpression of TfMYB1 in torenia caused antho",unreviewed,direct_title_support_plus_replication_or_context
P1,Trillium ovatum,Melanthiaceae,1,1,1,17,17,Taxonomic study of Trillium ovatum forma hibbersonii,10.14288/1.0087047,https://openalex.org/W2974357600,"erson (Holotype UBC 73131). Leonard Wiley invalidly published the taxon as Trillium hibbersonii in 1968. A review of the taxonomic status by T.M.C. Taylor and A.F. Szczawinski resulted in the publication of the taxon as Trillium ovatum forma hibbersonii (1975). The diagnosis stated this dwarf variant was part of the continuous series of intergradations of Trillium ovatum Pursh (Taylor and Szczawinski, 1975). Taylor and Szczawinski did not cite any sma",unreviewed,direct_title_support_plus_replication_or_context
