priority_tier,rank,canonical_name,family,n_works,max_score,total_score,best_title,best_doi,best_openalex_id,review_status
A,1,Ipomoea purpurea,Convolvulaceae,20,39,563,"Flower color variation in the morning glory, Ipomoea purpurea",10.1093/oxfordjournals.jhered.a109778,https://openalex.org/W2279832697,unreviewed
A,2,Gentiana lutea,Gentianaceae,22,30,472,Differences in pollination success between local and foreign flower color phenotypes: a translocation experiment with Gentiana lutea (Gentianaceae),10.7717/peerj.2882,https://openalex.org/W2474042264,unreviewed
A,3,Anemone coronaria,Ranunculaceae,8,39,260,Distribution under climate change of Anemone coronaria : linking flower colour and seed dispersal,10.1002/njb.05105,https://openalex.org/W7160547221,unreviewed
A,4,Lysimachia arvensis,Primulaceae,9,39,232,Molecular approaches reveal speciation between red- and blue-flowered plants in the Mediterranean Lysimachia arvensis and L. monelli (Primulaceae),10.1093/botlinnean/boab081,https://openalex.org/W4213153464,unreviewed
A,5,Dactylorhiza sambucina,Orchidaceae,9,39,230,"Monitoring of Dactylorhiza sambucina (L.) Soó (Orchidaceae)—Variation in Flowering, Flower Colour Morph Frequencies, and Erratic Population Census Trends",10.3390/d15020179,https://openalex.org/W4318475531,unreviewed
A,6,Lantana camara,Verbenaceae,8,25,119,Color-mediated foraging by pollinators: A comparative study of two passionflower butterflies at Lantana camara,,https://openalex.org/W2751209378,unreviewed
A,7,Antirrhinum majus,Plantaginaceae,14,34,232,The role of pollinator-mediated selection in the maintenance of a flower color polymorphism in an Antirrhinum majus hybrid zone,10.15479/at:ista:th_526,https://openalex.org/W2954960215,unreviewed
A,8,Raphanus sativus,Brassicaceae,11,30,207,Identification of QTLs and Candidate Genes Related to Flower Traits and Bolting Time in Radish (Raphanus sativus L.),10.3390/agronomy11081623,https://openalex.org/W3193349983,unreviewed
A,9,Iris lutescens,Iridaceae,7,39,229,Neutral processes contribute to patterns of spatial variation for flower colour in the Mediterranean Iris lutescens (Iridaceae),10.1093/aob/mcw036,https://openalex.org/W2339618223,unreviewed
A,10,Raphanus raphanistrum,Brassicaceae,5,39,151,"Effects of pollinator preference on flower color polymorphism in wild radish, Raphanus raphanistrum (Brassicaceae).",,https://openalex.org/W163160015,unreviewed
A,11,Hesperis matronalis,Brassicaceae,5,39,145,The Impact of Biochemistry vs. Population Membership on Floral Scent Profiles in Colour Polymorphic Hesperis matronalis,10.1093/aob/mcn181,https://openalex.org/W2160805784,unreviewed
A,12,Digitalis purpurea,Plantaginaceae,5,30,149,Flower color variation in Digitalis purpurea,10.6084/m9.figshare.29095451,https://openalex.org/W7130433828,unreviewed
A,13,Phlox drummondii,Polemoniaceae,5,30,114,MOLECULAR SIGNATURES OF SELECTION ON REPRODUCTIVE CHARACTER DISPLACEMENT OF FLOWER COLOR IN PHLOX DRUMMONDII,10.1111/j.1558-5646.2011.01452.x,https://openalex.org/W1519665771,unreviewed
A,14,Lobelia siphilitica,Campanulaceae,4,30,84,"Pollinators, Herbivores, and the Maintenance of Flower Color Variation: A Case Study with Lobelia siphilitica",10.1086/656511,https://openalex.org/W2077295153,unreviewed
A,15,Iris pumila,Iridaceae,5,27,80,Are pollinators the agents of selection on flower colour and size in irises?,10.1111/oik.04501,https://openalex.org/W2769302125,unreviewed
A,16,Impatiens capensis,Balsaminaceae,4,20,56,MICROGEOGRAPHIC GENETIC STRUCTURE OF MORPHOLOGICAL AND LIFE HISTORY TRAITS IN A NATURAL POPULATION OF IMPATIENS CAPENSIS,10.1111/j.1558-5646.1991.tb05276.x,https://openalex.org/W2321872532,unreviewed
A,17,Anemone pavonina,Ranunculaceae,7,39,210,Data for Heinze et al. (2026): Flower colour polymorphism in the peacock anemone ( Anemone pavonina ) reflects spatiotemporal variation in pollinator abundance. Am. J. Bot.,10.6084/m9.figshare.31301656,https://openalex.org/W7148717901,unreviewed
A,18,Silene littorea,Caryophyllaceae,4,39,119,"The effects of pollination, herbivory and autonomous selfing on the maintenance of flower colour variation in Silene littorea",10.1111/plb.13209,https://openalex.org/W3103775414,unreviewed
A,19,Castilleja coccinea,Orobanchaceae,3,39,104,Floral bract color of Castilleja coccinea may influence seed viability,,https://openalex.org/W326681242,unreviewed
A,20,Cirsium palustre,Asteraceae,3,39,97,The ecological genetics of flower colour variation in Cirsium palustre,10.5287/ora-mj5dwmwbx,https://openalex.org/W753206841,unreviewed
A,21,Brassica rapa,Brassicaceae,3,30,75,Fine mapping and candidate gene analysis of the white flower gene Brwf in Chinese cabbage (Brassica rapa L.),10.1038/s41598-020-63165-7,https://openalex.org/W3015969351,unreviewed
A,22,Bixa orellana,Bixaceae,3,29,64,Floral Color Polymorphism and Reproductive Success in Annatto (Bixa orellana L.),10.1007/s12042-013-9128-y,https://openalex.org/W2089900994,unreviewed
A,23,Orychophragmus violaceus,Brassicaceae,4,25,72,Identification and characterization of the gene OvANS associated with purple flower in Orychophragmus violaceus,10.1186/s12870-025-07412-x,https://openalex.org/W4414993276,unreviewed
A,24,Brassica napus,Brassicaceae,4,22,65,Site-Directed Mutagenesis of the Carotenoid Isomerase Gene BnaCRTISO Alters the Color of Petals and Leaves in Brassica napus L.,10.3389/fpls.2022.801456,https://openalex.org/W4211255590,unreviewed
A,25,Camellia japonica,Theaceae,3,17,38,Transcriptome Analysis Reveals the Molecular Mechanisms Associated with Flower Color Formation in Camellia japonica ‘Joy Kendrick’,10.3390/f14010069,https://openalex.org/W4313361060,unreviewed
A,26,Impatiens glandulifera,Balsaminaceae,3,15,42,Rapid morphological change in UK populations of Impatiens glandulifera,10.1038/s41598-024-69710-y,https://openalex.org/W4401729450,unreviewed
A,27,Linanthus parryae,Polemoniaceae,4,39,110,PERSPECTIVE: EVOLUTION OF FLOWER COLOR IN THE DESERT ANNUAL LINANTHUS PARRYAE: WRIGHT REVISITED,10.1111/j.0014-3820.2001.tb00650.x,https://openalex.org/W2126691403,unreviewed
A,28,Platystemon californicus,Papaveraceae,2,39,78,FLOWER COLOR POLYMORPHISM AND POLLINATION BIOLOGY OF PLATYSTEMON CALIFORNICUS BENTH. (PAPAVERACEAE),10.1002/j.1537-2197.1981.tb12383.x,https://openalex.org/W2023026998,unreviewed
A,29,Trillium sessile,Melanthiaceae,2,39,78,BIOCHEMICAL BASIS OF FLORAL COLOR POLYMORPHISM IN A HETEROCYANIC POPULATION OF TRILLIUM SESSILE (LILIACEAE),10.1002/j.1537-2197.1989.tb11280.x,https://openalex.org/W2007736589,unreviewed
A,30,Geranium thunbergii,Geraniaceae,2,39,68,Development and characterization of nuclear microsatellite markers to reveal the neutral demographic background of flower color polymorphism in Geranium thunbergii (Geraniaceae),10.1266/ggs.20-00062,https://openalex.org/W3155587122,unreviewed
A,31,Rhododendron cyanocarpum,Ericaceae,2,39,68,"Flower Color Polymorphism in Rhododendron cyanocarpum(Ericaceae),an Endangered Alpine Species Endemic to NW Yunnan,China",,https://openalex.org/W3151048116,unreviewed
A,32,Tecomella undulata,Bignoniaceae,2,39,64,Artificial intelligence-based classification of flower colour polymorphism for conservation and genetic resource management of Tecomella undulata (Sm) Seem,10.1017/s1479262125100440,https://openalex.org/W4417152542,unreviewed
A,33,Medicago sativa,Fabaceae,2,39,59,Adaptive Mechanisms of White-Flowered Alfalfa (Medicago sativa L.) in High-Altitude Cold and Saline–Alkali Environments,10.3390/biology15050414,https://openalex.org/W7133356404,unreviewed
A,34,Cymbidium lowianum,Orchidaceae,2,33,58,Spatial and Temporal Regulation of Flower Coloration in Cymbidium lowianum,10.1111/pce.15398,https://openalex.org/W4406629092,unreviewed
A,35,Impatiens uliginosa,Balsaminaceae,2,33,55,"Effects of cell morphology, physiology, biochemistry and CHS genes on four flower colors of Impatiens uliginosa",10.3389/fpls.2024.1343830,https://openalex.org/W4392352585,unreviewed
A,36,Bletilla striata,Orchidaceae,2,33,50,Resequencing and Functional Analysis Revealed That BsDFR4 Could Cause the Formation of Different Flower Colors in Bletilla striata (Orchidaceae),10.3390/ijms26083555,https://openalex.org/W4409335954,unreviewed
A,37,Erythranthe discolor,Phrymaceae,3,31,89,"Conservation Genetics of Narrowly Distributed Annual, Erythranthe discolor (Phrymaceae), in the Southern Sierra Nevada",10.5642/cguetd.xmgu6936,https://openalex.org/W4414905322,unreviewed
A,38,Aquilegia coerulea,Ranunculaceae,2,30,42,"The role of pollinators in maintaining variation in flower colour in the Rocky Mountain columbine, Aquilegia coerulea",10.1093/aob/mcv028,https://openalex.org/W2145222715,unreviewed
A,39,Hepatica nobilis,Ranunculaceae,2,29,58,Flower color polymorphism in Hepatica nobilis var. japonica with reference to genetic backgrounds and reproductive success,10.14989/doctor.k21875,https://openalex.org/W2957429669,unreviewed
A,40,Erythronium umbilicatum,Liliaceae,2,29,55,Evolution and Genetics of Floral Color Polymorphisms in Clarkia gracilis ssp. sonomensis and Erythronium umbilicatum,,https://openalex.org/W3034389613,unreviewed
A,41,Clarkia gracilis,Onagraceae,2,29,41,Evolution and Genetics of Floral Color Polymorphisms in Clarkia gracilis ssp. sonomensis and Erythronium umbilicatum,,https://openalex.org/W3034389613,unreviewed
A,42,Aquilegia oxysepala,Ranunculaceae,2,28,48,Identification and Expression Analysis of R2R3-MYB Transcription Factors Associated with Flower Color Variation in Aquilegia oxysepala,10.3390/agronomy16050581,https://openalex.org/W7134180857,unreviewed
A,43,Parrya nudicaulis,Brassicaceae,3,27,67,Arctic Mustard Flower Color Polymorphism Controlled by Petal-Specific Downregulation at the Threshold of the Anthocyanin Biosynthetic Pathway,10.1371/journal.pone.0018230,https://openalex.org/W2145916438,unreviewed
A,44,Gilia yorkii,Polemoniaceae,2,26,46,QTL analysis of floral morphology polymorphisms between Gilia yorkii and G. capitata,10.1101/2023.11.22.568340,https://openalex.org/W4388940790,unreviewed
A,45,Ipomoea hederacea,Convolvulaceae,2,26,43,"Ecological, Physiological and Molecular Population Genetics of a Single-locus Leaf Shape Cline in Ivyleaf Morning Glory, Ipomoea hederacea",,https://openalex.org/W2726746889,unreviewed
A,46,Fritillaria persica,Liliaceae,2,25,50,Environment or Pollinators? Factors Shaping Breeding System and Spatial Variation in Nectar Properties and Pollination System in a Desert Species Fritillaria persica L. (Liliaceae),10.1002/ece3.71265,https://openalex.org/W4409814846,unreviewed
A,47,Gossypium arboreum,Malvaceae,2,22,44,Transcriptomic and metabolomic profiling of flavonoid biosynthesis provide novel insights into petals coloration in Asian cotton (Gossypium arboreum L.),10.21203/rs.3.rs-1822828/v1,https://openalex.org/W4285084292,unreviewed
A,48,Lonicera japonica,Caprifoliaceae,2,22,42,Integrated metabolic profiling and transcriptome analysis of pigment accumulation in Lonicera japonica flower petals during colour-transition,10.1186/s12870-021-02877-y,https://openalex.org/W3113869398,unreviewed
A,49,Allium schoenoprasum,Amaryllidaceae,2,20,32,Genetic analysis of flower colour variation in Allium schoenoprasum L. (wild chives),10.1038/hdy.1988.39,https://openalex.org/W2025684567,unreviewed
A,50,Punica granatum,Lythraceae,2,20,32,Exploring the influence of petal and stamen color on pollinator and reproductive success in Punica granatum,10.17520/biods.2022633,https://openalex.org/W4387146721,unreviewed
A,51,Arabidopsis thaliana,Brassicaceae,4,18,52,Genetic Mechanisms Behind Flower Color Variation in Caulanthus Amplexicaulis var. Amplexicaulis (CAA) and Caulanthus Amplexicaulis var. Barbarae (CAB),,https://openalex.org/W1217664957,unreviewed
A,52,Catharanthus roseus,Apocynaceae,3,18,47,Inheritance of Flower Color in Periwinkle: Orange-Red Corolla and White Eye,10.1093/jhered/93.1.55,https://openalex.org/W1966696489,unreviewed
A,53,Mimulus ringens,Phrymaceae,3,12,32,Multiple pollinator visits to Mimulus ringens (Phrymaceae) flowers increase mate number and seed set within fruits,10.3732/ajb.93.9.1306,https://openalex.org/W2107602903,unreviewed
A,54,Euphorbia pulcherrima,Euphorbiaceae,2,12,24,Anthocyanin metabolic engineering of Euphorbia pulcherrima: advances and perspectives,10.3389/fpls.2023.1176701,https://openalex.org/W4376610086,unreviewed
A,55,Fagus sylvatica,Fagaceae,2,12,24,Genetic structure of natural stands of Fagus sylvatica L. (beech),10.1038/hdy.1994.37,https://openalex.org/W2334041803,unreviewed
A,56,Hydrangea macrophylla,Hydrangeaceae,2,12,21,Multiple transcription factors and genes jointly regulate the light-dependent flavonoid biosynthesis mechanism of stem color in Hydrangea macrophylla,10.1186/s12870-026-08470-5,https://openalex.org/W7133221122,unreviewed
A,57,Anemone palmata,Ranunculaceae,1,39,39,Pollinator response to yellow UV ‐patterned versus white UV ‐patternless flower dimorphism in Anemone palmata,10.1111/plb.13702,https://openalex.org/W4402126765,unreviewed
A,58,Boechera stricta,Brassicaceae,1,39,39,Ecological causes and consequences of flower color polymorphism in a self‐pollinating plant ( Boechera stricta ),10.1111/nph.14998,https://openalex.org/W2790063807,unreviewed
A,59,Clarkia xantiana,Onagraceae,1,39,39,Frequency–dependent pollinator foraging in polymorphic Clarkia xantiana ssp. xantiana populations: implications for flower colour evolution and pollinator interactions,10.1111/j.0030-1299.2006.14289.x,https://openalex.org/W2030950602,unreviewed
A,60,Convolvulus arvensis,Convolvulaceae,1,39,39,Spatial patterns of flower colour variation in native and introduced ranges of Convolvulus arvensis (Convolvulaceae) revealed by citizen‐science data and machine learning,10.1111/plb.13537,https://openalex.org/W4376223817,unreviewed
A,61,Cymbidium kanran,Orchidaceae,1,39,39,Anthocyanin Genes Involved in the Flower Coloration Mechanisms of Cymbidium kanran,10.3389/fpls.2021.737815,https://openalex.org/W3207916119,unreviewed
A,62,Encelia farinosa,Asteraceae,1,39,39,Population structure and natural selection across a flower color polymorphism in the desert plant Encelia farinosa,10.1002/ajb2.16413,https://openalex.org/W4403034968,unreviewed
A,63,Geranium nepalense,Geraniaceae,1,39,39,Flower Colour Polymorphism in Geranium nepalense (Geraniaceae): Adaptation to Non-Pollinator Agents,10.3161/15052249pje2016.64.4.007,https://openalex.org/W2588750614,unreviewed
A,64,Leavenworthia stylosa,Brassicaceae,1,39,39,Reproductive character displacement shapes a spatially structured petal color polymorphism in Leavenworthia stylosa,10.1111/evo.12659,https://openalex.org/W2005881429,unreviewed
A,65,Leptocereus scopulophilus,Cactaceae,1,39,39,"Flower morphs in Leptocereus scopulophilus (Cactaceae) and their reproductive success in Pan de Matanzas, Cuba",10.25223/brad.n40.2022.a1,https://openalex.org/W4280574450,unreviewed
A,66,Limonium wrightii,Plumbaginaceae,1,39,39,Origin of the disjunct distribution of flower colour polymorphism within Limonium wrightii (Plumbaginaceae) in the Ryukyu Archipelago,10.1111/j.1095-8312.2009.01253.x,https://openalex.org/W1926307786,unreviewed
A,67,Lupinus pilosus,Fabaceae,1,39,39,Flower‐Colour Polymorphism in Lupinus pilosus in Israel,10.1111/j.1439-0523.1987.tb01189.x,https://openalex.org/W1985541337,unreviewed
A,68,Ophiorrhiza japonica,Rubiaceae,1,39,39,Maintenance of flower color dimorphism in Ophiorrhiza japonica (Rubiaceae): responses to fluctuating temperatures in a dolomite Karst region,10.3389/fpls.2024.1495112,https://openalex.org/W4405558795,unreviewed
A,69,Leptosiphon parviflorus,Polemoniaceae,2,33,60,Flower Color Variation and its Maintenance: Experimental Ecology of Serpentine-Adapted Leptosiphon parviflorus Benth. (Polemoniaceae),,https://openalex.org/W7114831063,unreviewed
A,70,Collinsia heterophylla,Plantaginaceae,2,33,46,Floral scent and pollinator visitation in relation to floral colour morph in the mixed‐mating annual herb Collinsia heterophylla,10.1111/njb.03025,https://openalex.org/W3158771313,unreviewed
A,71,Lupinus perennis,Fabaceae,1,33,33,Effects of Flower Color on Pollination and Seed Production in Lupinus Perennis,,https://openalex.org/W3041830603,unreviewed
A,72,Opuntia streptacantha,Cactaceae,1,33,33,Morphological and phenological variation of flower colour morphs in a wild population of Opuntia streptacantha (Cactaceae),10.5091/plecevo.112250,https://openalex.org/W4400298785,unreviewed
A,73,Rhododendron arboreum,Ericaceae,1,33,33,"Altitudinal variation in flower color and attraction pattern of Rhododendron arboreum Sm. in central Himalayan Region of Uttarakhand, India",10.1163/22238980-bja10061,https://openalex.org/W4281817580,unreviewed
A,74,Orchis mascula,Orchidaceae,3,31,72,"Presence, distribution and effect of white, pink and purple morphs on pollination in the orchid Orchis mascula",10.14712/23361964.2015.15,https://openalex.org/W1618346641,unreviewed
A,75,Lilium sulphureum,Liliaceae,1,31,31,Studies on Intraspecific Differentiations of Flowering Colors of Lilium sulphureum Baker apud Hook.f.in Yunnan,,https://openalex.org/W2357395938,unreviewed
A,76,Narcissus pseudonarcissus,Amaryllidaceae,1,31,31,Transcriptome Sequencing and Biochemical Analysis of Perianths and Coronas Reveal Flower Color Formation in Narcissus pseudonarcissus,10.3390/ijms19124006,https://openalex.org/W2904598959,unreviewed
A,77,Salvia hispanica,Lamiaceae,1,31,31,Review of floral polymorphism in chía (Salvia hispanica L.): Modified cause,10.35429/jnas.2020.20.7.14.20,https://openalex.org/W3166774049,unreviewed
A,78,Solanum carolinense,Solanaceae,1,31,31,A field investigation into potential reproductive and resistance advantages of purple-petalled plants in polymorphic populations of horsenettle (Solanum carolinense),10.5091/plecevo.128527,https://openalex.org/W4403078083,unreviewed
A,79,Viola diversifolia,Violaceae,1,31,31,Polymorphisme morphologique chez le pollen et la fleur de Viola diversifolia (Gingins) Becker,10.1080/01811789.1990.10827015,https://openalex.org/W2033544458,unreviewed
A,80,Lysimachia monelli,Primulaceae,4,30,111,Linking environmental adaptation and genetic structure to the biogeography of flower colour lineages in Lysimachia monelli (Primulaceae),10.1111/plb.70100,https://openalex.org/W4413930938,unreviewed
A,81,Gentiana leucomelaena,Gentianaceae,2,30,57,"Petal Color, Flower Temperature, and Behavior in an Alpine Annual Herb, Gentiana leucomelaena (Gentianaceae)",10.1657/1938-4246-42.2.219,https://openalex.org/W1994225781,unreviewed
A,82,Prunus persica,Rosaceae,3,30,53,Two loss‐of‐function alleles of the glutathione S‐transferase ( GST ) gene cause anthocyanin deficiency in flower and fruit skin of peach ( Prunus persica ),10.1111/tpj.15312,https://openalex.org/W3157450640,unreviewed
A,83,Wahlenbergia albomarginata,Campanulaceae,3,30,50,Where have all the blue flowers gone: pollinator responses and selection on flower colour in New Zealand Wahlenbergia albomarginata,10.1111/j.1420-9101.2011.02430.x,https://openalex.org/W1731095030,unreviewed
A,84,Eruca sativa,Brassicaceae,2,30,40,Natural Variation in Flower Color and Scent in Populations of Eruca sativa (Brassicaceae) Affects Pollination Behavior of Honey Bees,10.1093/jisesa/iez038,https://openalex.org/W2946516416,unreviewed
A,85,Drosera cistiflora,Droseraceae,1,30,30,Breeding systems of floral colour forms in the Drosera cistiflora species complex,10.1111/plb.13159,https://openalex.org/W3044245703,unreviewed
A,86,Gentiana triflora,Gentianaceae,1,30,30,Identification of Candidate Genes Responsible for Flower Colour Intensity in Gentiana triflora,10.3389/fpls.2022.906879,https://openalex.org/W4283395540,unreviewed
A,87,Mammillaria haageana,Cactaceae,1,30,30,Evolution of flower allometry and pigmentation in Mammillaria haageana (Cactaceae),10.1186/s12870-021-03386-8,https://openalex.org/W4206993445,unreviewed
A,88,Monarda fistulosa,Lamiaceae,1,30,30,High-throughput iNaturalist image analysis reveals flower color divergence in Monarda fistulosa,10.1101/2025.05.21.655392,https://openalex.org/W4410761732,unreviewed
A,89,Nicotiana glauca,Solanaceae,1,30,30,Floral colour variation of Nicotiana glauca in native and non‐native ranges: Testing the role of pollinators' perception and abiotic factors,10.1111/plb.13509,https://openalex.org/W4319295181,unreviewed
A,90,Papaver radicatum,Papaveraceae,1,30,30,Temperature Relations of Yellow and White Flowered Papaver Radicatum in North Greenland,10.1080/00040851.1989.12002712,https://openalex.org/W4403177336,unreviewed
A,91,Paphiopedilum micranthum,Orchidaceae,1,30,30,Metabolomic and Transcriptomic Analysis Reveal the Role of Metabolites and Genes in Modulating Flower Color of Paphiopedilum micranthum,10.3390/plants12102058,https://openalex.org/W4378084487,unreviewed
A,92,Prunus mume,Rosaceae,1,30,30,Integration of Metabolomic and Transcriptomic Analyses Reveals the Molecular Mechanisms of Flower Color Formation in Prunus mume,10.3390/plants13081077,https://openalex.org/W4394716468,unreviewed
A,93,Rehmannia glutinosa,Rehmanniaceae,1,30,30,Sequence Variations in MYB (v-myb Myeloblastosis Viral Oncogene Homolog) Genes Impair Anthocyanin Biosynthesis and Contribute to Yellow Flower Phenotype in Rehmannia glutinosa,10.3390/biom16010095,https://openalex.org/W7118966692,unreviewed
A,94,Rhododendron simsii,Ericaceae,1,30,30,Integrated Analyses of Metabolome and RNA-seq Data Revealing Flower Color Variation in Ornamental Rhododendron simsii Planchon,10.3390/genes15081041,https://openalex.org/W4401425281,unreviewed
A,95,Tulipa suaveolens,Liliaceae,1,30,30,"Geographical features of Tulipa suaveolens Roth (Liliaceae, Magnoliophyta) distribution by flower color across its European range",10.35885/1684-7318-2022-2-150-172,https://openalex.org/W4308801437,unreviewed
A,96,Gymnadenia rhellicani,Orchidaceae,5,29,105,Emergence of a floral colour polymorphism by pollinator-mediated overdominance: 3-dimensional data of Gymnadenia rhellicani flowers in DICOM format,,https://openalex.org/W3194954792,unreviewed
A,97,Butomus umbellatus,Butomaceae,3,29,67,Asymmetric pollen–pistil interactions contribute to maintaining floral colour polymorphism in a clonal aquatic plant (Butomus umbellatus L.),10.1016/j.aquabot.2012.12.007,https://openalex.org/W2025476323,unreviewed
A,98,Aloe petricola,Asphodelaceae,1,29,29,"Does colour matter? Flower colour polymorphism, pollinator visitation and reproductive success in the endemic Aloe petricola",10.1016/j.sajb.2018.02.109,https://openalex.org/W2796240393,unreviewed
A,99,Hydrophyllum appendiculatum,Hydrophyllaceae,1,29,29,Reproductive Consequences of a Flower Color Polymorphism in Hydrophyllum appendiculatum,10.2307/2426522,https://openalex.org/W2313736393,unreviewed
A,100,Pleione limprichtii,Orchidaceae,1,29,29,Comparative Transcriptomics Provides Insight into Floral Color Polymorphism in a Pleione limprichtii Orchid Population,10.3390/ijms21010247,https://openalex.org/W2997206648,unreviewed
A,101,Linum pubescens,Linaceae,1,28,28,Pollinator‐mediated selection on floral size and tube color in Linum pubescens : Can differential behavior and preference in different times of the day maintain dimorphism?,10.1002/ece3.3683,https://openalex.org/W2780691752,unreviewed
A,102,Acer pictum,Sapindaceae,1,26,26,The functional significance of a stigma color polymorphism in Acer pictum subsp. mono (Aceraceae),10.1093/jpe/rtv018,https://openalex.org/W1986840127,unreviewed
A,103,Beta vulgaris,Amaranthaceae,1,26,26,Effects of fine-scale genetic structure on male mating success in gynodioecious Beta vulgaris ssp. maritima,10.1111/j.1365-294x.2010.04586.x,https://openalex.org/W1983316410,unreviewed
A,104,Cypripedium guttatum,Orchidaceae,1,26,26,Conservation issues and infraspecific polymorphism of Cypripedium guttatum on selected locations in Russia,10.24189/ncr.2020.054,https://openalex.org/W3085036340,unreviewed
A,105,Moringa oleifera,Moringaceae,1,26,26,Estimates of outcrossing rates in Moringa oleifera using Amplified fragment length polymorphism (AFLP),10.5897/ajb2004.000-2026,https://openalex.org/W2114661249,unreviewed
A,106,Utricularia amethystina,Lentibulariaceae,1,26,26,"Sistemática, evolução e biologia reprodutiva de Utricularia com ênfase para Utricularia amethystina Salzm. Ex A.St.-Hil. & Girard (Lentibulariaceae)",,https://openalex.org/W2133327242,unreviewed
A,107,Brassica juncea,Brassicaceae,1,25,25,Beyond yellow: discovery and genetic dissection of an apricot petal color in Brassica juncea L,10.3389/fpls.2026.1767871,https://openalex.org/W7127038454,unreviewed
A,108,Gerbera aurantiaca,Asteraceae,1,25,25,Geographical Variation in Flower Color in the Grassland Daisy Gerbera aurantiaca: Testing for Associations With Pollinators and Abiotic Factors,10.3389/fevo.2021.676520,https://openalex.org/W3173834513,unreviewed
A,109,Gustavia santanderiensis,Lecythidaceae,1,25,25,"Morphological redescription and ecological niche modelling of Gustavia santanderiensis (Lecythidaceae), with a key for the genus in the Magdalena Valley, Colombia",10.5091/plecevo.165628,https://openalex.org/W7133957166,unreviewed
A,110,Mirabilis jalapa,Nyctaginaceae,1,25,25,"Betalain Color Morphs Exhibit Differential Growth, Defensive Ability, and Pollen Tube Growth Rates in Mirabilis jalapa (Nyctaginaceae)",10.1086/673245,https://openalex.org/W2065776166,unreviewed
A,111,Rhododendron latoucheae,Ericaceae,1,25,25,Insight into the Molecular Mechanism of Flower Color Regulation in Rhododendron latoucheae Franch: A Multi-Omics Approach,10.3390/plants12162897,https://openalex.org/W4385650642,unreviewed
A,112,Rhododendron sanguineum,Ericaceae,1,25,25,Differential expressions of anthocyanin synthesis genes underlie flower color divergence in a sympatric Rhododendron sanguineum complex,10.1186/s12870-021-02977-9,https://openalex.org/W3159142738,unreviewed
A,113,Clarkia amoena,Onagraceae,1,23,23,Reproductive fitness and pollination biology of the four floral color morphs of Clarkia amoena var. pacifica.,,https://openalex.org/W3217284744,unreviewed
A,114,Delphinium caeruleum,Ranunculaceae,1,23,23,Screening game in plant–pollinator interactions: compound screening mechanism in flower morphology of Delphinium caeruleum,10.21203/rs.3.rs-2118643/v1,https://openalex.org/W4306923379,unreviewed
A,115,Ipomoea aquatica,Convolvulaceae,1,23,23,Pollinator visitation and female reproductive success in two floral color morphs of Ipomoea aquatica (Convolvulaceae),10.1007/s00606-020-01716-1,https://openalex.org/W3094397868,unreviewed
A,116,Arum maculatum,Araceae,3,22,58,Variation in scent amount but not in composition correlates with pollinator visits within populations of deceptive Arum maculatum L. (Araceae),10.3389/fpls.2022.1046532,https://openalex.org/W4313987291,unreviewed
A,117,Argyranthemum frutescens,Asteraceae,1,22,22,"Obtainment and confirmation of intergeneric hybrids between marguerite ( Argyranthemum frutescens (L.) Sch.Bip.) and two Rhodanthemum species ( R. hosmariense (Ball) B. H. Wilcox, K. Bremer & Humphries and R. catananche (Ball) B. H. Wilcox, K. Bremer & Humphries)",10.5511/plantbiotechnology.23.0202a,https://openalex.org/W4380208217,unreviewed
A,118,Chimonanthus praecox,Calycanthaceae,1,22,22,Metabolomic and transcriptomic analyses jointly reveal the mechanism underlying the reddening of Chimonanthus praecox stamens,10.3389/fpls.2024.1491246,https://openalex.org/W4404541331,unreviewed
A,119,Gloriosa superba,Colchicaceae,1,22,22,Integrated Metabolome and Transcriptome Analysis of Petal Anthocyanin Accumulation Mechanism in Gloriosa superba ‘Rothschildiana’ during Different Flower Development Stages,10.3390/ijms242015034,https://openalex.org/W4387498734,unreviewed
A,120,Helleborus foetidus,Ranunculaceae,1,22,22,"Plant Traits, Environmental Factors, and Pollinator Visitation in Winter-flowering Helleborus foetidus (Ranunculaceae)",10.1093/aob/mci236,https://openalex.org/W2088748499,unreviewed
A,121,Ipomopsis aggregata,Polemoniaceae,1,22,22,Genetic Mapping Reveals an Anthocyanin Biosynthesis Pathway Gene Potentially Influencing Evolutionary Divergence between Two Subspecies of Scarlet Gilia (Ipomopsis aggregata),10.1093/molbev/msx318,https://openalex.org/W2771196781,unreviewed
A,122,Linnaea borealis,Caprifoliaceae,1,22,22,"Limited mate availability decreases reproductive success of fragmented populations of Linnaea borealis, a rare, clonal self-incompatible plant",10.1093/aob/mcp007,https://openalex.org/W2120343262,unreviewed
A,123,Rhododendron dauricum,Ericaceae,1,22,22,Anthocyanin Metabolite and Transcriptome Sequencing Analysis Reveals White Flowers in Rhododendron dauricum var. albiflorum,10.3390/horticulturae9101071,https://openalex.org/W4387052369,unreviewed
A,124,Rosa damascena,Rosaceae,1,22,22,"FROM FRAGRANCE TO FORTUNE: UNVEILING THE BOTANICAL, SOCIOECONOMIC, AND GLOBAL SIGNIFICANCE OF ROSA DAMASCENA",10.51193/ijaer.2024.10608,https://openalex.org/W4406333996,unreviewed
A,125,Scutellaria baicalensis,Lamiaceae,1,22,22,Integrated metabolome and transcriptome analyses of anthocyanin biosynthesis reveal key candidate genes involved in colour variation of Scutellaria baicalensis flowers,10.1186/s12870-023-04591-3,https://openalex.org/W4389751310,unreviewed
A,126,Zinnia elegans,Asteraceae,1,22,22,"Gamma rays induced variations in seed germination, growth and phenotypic characteristics of Zinnia elegans var. Dreamland",10.13128/ahs-20289,https://openalex.org/W2782217468,unreviewed
A,127,Cicer arietinum,Fabaceae,1,21,21,Exploring the Genetic Diversity and Population Structure in Chickpea Cultivated Germplasm & Genetic Basis of Flower Color Polymorphism in Chickpea (Cicer arietinum L.),,https://openalex.org/W3004089170,unreviewed
A,128,Primula vulgaris,Primulaceae,1,21,21,Colour polymorphism in common primrose (Primula vulgaris Huds.): many colours–many species?,10.1007/s00606-013-0780-3,https://openalex.org/W2143398318,unreviewed
A,129,Dahlia variabilis,Asteraceae,2,20,38,Selection of non-fading lines for high quality cut-flower production in Dahlia variabilis ′Nessho′ by elucidating mechanisms of low temperature induced flower color fading,10.18926/67829,https://openalex.org/W7111286713,unreviewed
A,130,Bombax ceiba,Malvaceae,1,20,20,Adaptive significance of yellow flowered Bombax ceiba (Malvaceae),10.17520/biods.2019003,https://openalex.org/W2953694532,unreviewed
A,131,Caladenia fulva,Orchidaceae,1,20,20,Why Variation in Flower Color May Help Reproductive Success in the Endangered Australian Orchid Caladenia fulva,10.3389/fpls.2021.599874,https://openalex.org/W3126609450,unreviewed
A,132,Carya cathayensis,Juglandaceae,1,20,20,Comprehensive identification and analysis of circRNAs during hickory (Carya cathayensis Sarg.) flower bud differentiation,10.3389/fpls.2022.1000489,https://openalex.org/W4313485225,unreviewed
A,133,Clematis tangutica,Ranunculaceae,1,20,20,Analysis of Floral Color Differences between Different Ecological Conditions of Clematis tangutica (Maxim.) Korsh,10.3390/molecules28010462,https://openalex.org/W4313572715,unreviewed
A,134,Coriandrum sativum,Apiaceae,1,20,20,Variable expression of anthocyanin in flower and stem of coriander (Coriandrum sativum L.): Breeding implications,10.22271/chemi.2021.v9.i1q.11384,https://openalex.org/W3125297528,unreviewed
A,135,Dactylorhiza romana,Orchidaceae,1,20,20,Systematics and evolution of the Dactylorhiza romana/sambucina polyploid complex (Orchidaceae),10.1111/j.1095-8339.2006.00573.x,https://openalex.org/W2131150101,unreviewed
A,136,Heliconia irrasa,Heliconiaceae,1,20,20,Long-Tailed Hermit Hummingbird Visits to Inflorescence Color Morphs of Heliconia irrasa,10.2307/1367077,https://openalex.org/W2328833611,unreviewed
A,137,Linum usitatissimum,Linaceae,1,20,20,QTL mapping and molecular characterization of the classical D locus controlling seed and flower color in Linum usitatissimum (flax),10.1038/s41598-017-11565-7,https://openalex.org/W2767959263,unreviewed
A,138,Lupinus polyphyllus,Fabaceae,1,20,20,"Bumblebee visits to different colour morphs of the Washington lupine, Lupinus polyphyllus",10.33338/ef.83851,https://openalex.org/W2201993718,unreviewed
A,139,Mikania micrantha,Asteraceae,1,20,20,Phenolic Acids and Flavonoids Play Important Roles in Flower Bud Differentiation in Mikania micrantha: Transcriptomics and Metabolomics,10.3390/ijms242316550,https://openalex.org/W4388849123,unreviewed
A,140,Nigella degenii,Ranunculaceae,1,20,20,COMPARATIVE ANALYSES OF POPULATION STRUCTURE IN TWO SUBSPECIES OF NIGELLA DEGENII : EVIDENCE FOR DIVERSIFYING SELECTION ON POLLEN‐COLOR DIMORPHISMS,10.1111/j.0014-3820.2006.tb01133.x,https://openalex.org/W4320996989,unreviewed
A,141,Osmanthus fragrans,Oleaceae,1,20,20,Recent Advances in Flower Color and Fragrance of Osmanthus fragrans,10.3390/f14071403,https://openalex.org/W4383723672,unreviewed
A,142,Phlox kelseyi,Polemoniaceae,1,20,20,Biosystematics of Phlox kelseyi (Polemoniaceae),,https://openalex.org/W2335835263,unreviewed
A,143,Psychilis monensis,Orchidaceae,1,20,20,Does flower color variation matter in deception pollinated Psychilis monensis (Orchidaceae)?,10.1007/s00442-003-1443-9,https://openalex.org/W2015491842,unreviewed
A,144,Saponaria officinalis,Caryophyllaceae,1,20,20,Sexual Dimorphism of Staminate- and Pistillate-Phase Flowers of Saponaria officinalis (Bouncing Bet) Affects Pollinator Behavior and Seed Set,10.1371/journal.pone.0093615,https://openalex.org/W2053488741,unreviewed
A,145,Silene dioica,Caryophyllaceae,1,20,20,Inheritance and reproductive consequences of floral anthocyanin deficiency in Silene dioica ( Caryophyllaceae ),10.3732/ajb.1400136,https://openalex.org/W2065254881,unreviewed
A,146,Streptanthus polygaloides,Brassicaceae,1,20,20,"The role of elevation and soil chemistry in the distribution and ion accumulation of floral morphs of Streptanthus polygaloides Gray (Brassicaceae), a Californian nickel hyperaccumulator",10.1080/17550874.2013.783141,https://openalex.org/W2104618392,unreviewed
A,147,Viburnum macrocephalum,Viburnaceae,1,20,20,miRNAs involved in the development and differentiation of fertile and sterile flowers in Viburnum macrocephalum f. keteleeri,10.1186/s12864-017-4180-x,https://openalex.org/W2761460283,unreviewed
A,148,Stellera chamaejasme,Thymelaeaceae,2,19,31,Canalized gene regulatory networks stabilize floral polymorphism and enable modular transgressive expression,10.64898/2026.04.16.719044,https://openalex.org/W7155106124,unreviewed
A,149,Cypripedium calceolus,Orchidaceae,2,17,30,"Temporal cycles and spatial asynchrony in the reproduction and growth of a rare nectarless orchid, Cypripedium calceolus",10.1093/botlinnean/bow008,https://openalex.org/W2591908540,unreviewed
A,150,Anthurium andraeanum,Araceae,1,17,17,Comparative transcriptomic analysis reveals key components controlling spathe color in Anthurium andraeanum (Hort.),10.1371/journal.pone.0261364,https://openalex.org/W4225762892,unreviewed
A,151,Bienertia cycloptera,Amaranthaceae,1,17,17,Foliage colour influence on seed germination of Bienertia cycloptera in Arabian deserts,10.1111/njb.00974,https://openalex.org/W2314337769,unreviewed
A,152,Caldesia grandis,Alismataceae,1,17,17,"Fine-scale spatial genetic structure of an endangered marsh herb, Caldesia grandis (Alismataceae)",10.4238/2012.may.18.10,https://openalex.org/W2329801602,unreviewed
A,153,Cymbidium tortisepalum,Orchidaceae,1,17,17,Transcriptomics and metabolomics reveal the mechanism of metabolites changes in Cymbidium tortisepalum var. longibracteatum colour mutation cultivars,10.1371/journal.pone.0305867,https://openalex.org/W4399998072,unreviewed
A,154,Datura stramonium,Solanaceae,1,17,17,"ANTHER-STIGMA SEPARATION IS ASSOCIATED WITH INBREEDING DEPRESSION IN DATURA STRAMONIUM, A PREDOMINANTLY SELF-FERTILIZING ANNUAL",10.1111/j.0014-3820.2002.tb00143.x,https://openalex.org/W2071810889,unreviewed
A,155,Erysimum capitatum,Brassicaceae,1,17,17,"The good, the bad and the flexible: interactions of Erysimum capitatum with pollinators and herbivores over space and time",,https://openalex.org/W2595382830,unreviewed
A,156,Fuchsia excorticata,Onagraceae,1,17,17,"Conspicuous, green flowers are an honest signal of nectar rewards in a bird-pollinated tree (Fuchsia excorticata, Onagraceae)",10.1007/s11258-023-01390-6,https://openalex.org/W4391485354,unreviewed
A,157,Iris bulleyana,Iridaceae,1,17,17,Transcriptome Analysis of Key Genes Involved in Color Variation between Blue and White Flowers of Iris bulleyana,10.1155/2023/7407772,https://openalex.org/W4317356326,unreviewed
A,158,Iris lactea,Iridaceae,1,17,17,Identification of characteristic aroma compounds for spicy in Iris lactea var. chinensis,10.1111/ppl.14016,https://openalex.org/W4386545865,unreviewed
A,159,Iris typhifolia,Iridaceae,1,17,17,Analysis of Floral Fragrance Components in Different Parts of Iris typhifolia,10.3390/horticulturae9121268,https://openalex.org/W4389049362,unreviewed
A,160,Rhododendron liliiflorum,Ericaceae,1,17,17,UPLC–MS/MS and Gene Expression Research to Distinguish the Colour Differences of Rhododendron liliiflorum H. Lév,10.3390/horticulturae9121351,https://openalex.org/W4389893321,unreviewed
A,161,Rivea ornata,Convolvulaceae,1,17,17,Trades-offs between pollinator attraction and florivore defense maximize reproductive success in the self-incompatible Rivea ornata (Convolvulaceae),10.1186/s12862-024-02301-7,https://openalex.org/W4402074833,unreviewed
A,162,Rodriguezia granadensis,Orchidaceae,1,17,17,Pollination ecology of Rodriguezia granadensis (Orchidaceae),10.15517/lank.v15i2.20745,https://openalex.org/W1922006848,unreviewed
A,163,Torenia fournieri,Linderniaceae,1,17,17,A Torenia (Torenia fournieri Lind. ex Fourn.) Novel Mutant ^|^lsquo;Flecked^|^rsquo; Produces Variegated Flowers by Insertion of a DNA Transposon into an R2R3-MYB Gene,10.2503/jjshs1.82.39,https://openalex.org/W2019915970,unreviewed
A,164,Trillium ovatum,Melanthiaceae,1,17,17,Taxonomic study of Trillium ovatum forma hibbersonii,10.14288/1.0087047,https://openalex.org/W2974357600,unreviewed
A,165,Viola arvensis,Violaceae,1,17,17,Rapid evolution of selfing syndrome traits in Viola arvensis revealed by resurrection ecology,10.1002/ajb2.16028,https://openalex.org/W4289885371,unreviewed
A,166,Echinacea purpurea,Asteraceae,1,15,15,Morphological characteristics and flavonoid accumulation of Echinacea purpurea cultivated at various salinity,10.13057/biodiv/d220915,https://openalex.org/W3197839747,unreviewed
A,167,Adenium obesum,Apocynaceae,2,13,25,Genetic inheritance and selection in desert rose progenies,,https://openalex.org/W7119330886,unreviewed
A,168,Centaurea cyanus,Asteraceae,2,13,25,Fe 3+ ‐Mediated Blue Pigment Formation via Collaborative Regulation of Iron Homeostasis by VIT1 and Ferritin : Insights for Blue Flower Breeding,10.1111/pce.70472,https://openalex.org/W7134835829,unreviewed
A,170,Carthamus tinctorius,Asteraceae,2,12,22,Speed breeding advancements in safflower (Carthamus tinctorius L.): a simplified and efficient approach for accelerating breeding programs,10.1007/s11032-024-01530-4,https://openalex.org/W4406199517,unreviewed
A,231,Abronia fragrans,Nyctaginaceae,1,27,27,"Pollinator, herbivore, and climatic selective pressures differ across a floral color transition zone",10.1002/ajb2.70142,https://openalex.org/W4417447151,unreviewed
A,232,Cosmos bipinnatus,Asteraceae,1,27,27,Pollinator response to flower color polymorphism and floral display in a plant with a single‐locus floral color polymorphism: consequences for plant reproduction,10.1007/s11284-011-0908-2,https://openalex.org/W2049016796,unreviewed
A,233,Epidendrum fulgens,Orchidaceae,1,27,27,The consequences of flower colour polymorphism on the reproductive success of a neotropical deceptive orchid,10.1111/plb.70020,https://openalex.org/W4409038671,unreviewed
A,234,Iris potaninii,Iridaceae,1,27,27,Flower color polymorphism of a wild Iris on the Qinghai-Tibet plateau,10.1186/s12870-023-04642-9,https://openalex.org/W4389498173,unreviewed
A,235,Leavenworthia exigua,Brassicaceae,1,27,27,Reproductive character displacement shapes a spatially structured petal color polymorphism in Leavenworthia stylosa,10.1111/evo.12659,https://openalex.org/W2005881429,unreviewed
A,236,Ophrys arachnitiformis,Orchidaceae,1,27,27,On the roles of colour and scent in a specialized floral mimicry system,10.1093/aob/mcp208,https://openalex.org/W2147066939,unreviewed
A,237,Penstemon whippleanus,Plantaginaceae,1,27,27,Genetics and Evolutionary Mechanisms of a balanced flower color polymorphism in Whipple’s Penstemon,10.52843/cassyni.grcx7q,https://openalex.org/W4402491049,unreviewed
A,238,Vinca minor,Apocynaceae,1,27,27,"Thermal regulation of flowers: color‐driven differences in radiation absorption, cooling, and heat tolerance",10.1111/nph.71163,https://openalex.org/W7151054309,unreviewed
A,239,Anisotome latifolia,Apiaceae,1,21,21,The Polar Palette - The role of flower colour in polar regions,,https://openalex.org/W53128573,unreviewed
A,240,Bulbinella rossii,Asphodelaceae,1,21,21,The Polar Palette - The role of flower colour in polar regions,,https://openalex.org/W53128573,unreviewed
A,241,Chiloglottis trapeziformis,Orchidaceae,1,21,21,Anthocyanin and Flavonol Glycoside Metabolic Pathways Underpin Floral Color Mimicry and Contrast in a Sexually Deceptive Orchid,10.3389/fpls.2022.860997,https://openalex.org/W4220880514,unreviewed
A,242,Trillium chloropetalum,Melanthiaceae,1,21,21,Taxonomic insights from floral scents of western North American sessile‐flowered Trillium,10.1002/ajb2.16255,https://openalex.org/W4388489097,unreviewed
A,243,Claytonia virginica,Montiaceae,1,19,19,Phenotypic integration and the potential for independent color evolution in a polymorphic spring ephemeral,10.3732/ajb.94.3.437,https://openalex.org/W2123310503,unreviewed
A,244,Geranium sylvaticum,Geraniaceae,1,19,19,Sexually-trimorphic interactions with colour polymorphism determine nectar quality in a herbaceous perennial,10.1038/srep45838,https://openalex.org/W2605024471,unreviewed
A,245,Roscoea cautleoides,Zingiberaceae,1,19,19,Parallel loss of anthocyanins triggers the incipient sympatric speciation in an alpine ginger,10.1016/j.pld.2025.03.004,https://openalex.org/W4408838998,unreviewed
A,246,Phlox cuspidata,Polemoniaceae,2,18,28,The Cost of Reinforcement: Selection on Flower Color in Allopatric Populations of Phlox drummondii,10.1086/675495,https://openalex.org/W2136138417,unreviewed
A,247,Brassica oleracea,Brassicaceae,1,18,18,"Map-based cloning and characterization of BoCCD4, a gene responsible for white/yellow petal color in B. oleracea",10.1186/s12864-019-5596-2,https://openalex.org/W2941343787,unreviewed
A,248,Diplacus mephiticus,Phrymaceae,1,18,18,Abiotic Environment Predicts Micro- but Not Macroevolutionary Patterns of Flower Color in Monkeyflowers (Phrymaceae),10.3389/fpls.2021.636133,https://openalex.org/W3142036716,unreviewed
A,249,Gentiana scabra,Gentianaceae,1,18,18,Identification of Candidate Genes Responsible for Flower Colour Intensity in Gentiana triflora,10.3389/fpls.2022.906879,https://openalex.org/W4283395540,unreviewed
A,250,Ipomoea nil,Convolvulaceae,1,18,18,Genes Encoding the Vacuolar Na+/H+ Exchanger and Flower Coloration,10.1093/pcp/pce080,https://openalex.org/W2144658509,unreviewed
A,251,Nicotiana tabacum,Solanaceae,1,18,18,Enhancing Flower Color through Simultaneous Expression of the B-peru and mPAP1 Transcription Factors under Control of a Flower-Specific Promoter,10.3390/ijms19010309,https://openalex.org/W2788670697,unreviewed
A,252,Onobrychis viciifolia,Fabaceae,1,18,18,Transcriptomic and chemical analyses to identify candidate genes involved in color variation of sainfoin flowers,10.1186/s12870-021-02827-8,https://openalex.org/W3125870862,unreviewed
A,253,Orchis purpurea,Orchidaceae,1,18,18,Lack of strong selection pressures maintains wide variation in floral traits in a food-deceptive orchid,10.1093/aob/mcaa080,https://openalex.org/W3020423373,unreviewed
A,254,Petunia exserta,Solanaceae,1,18,18,Complex evolution of novel red floral color in Petunia,10.1093/plcell/koab114,https://openalex.org/W3155227036,unreviewed
A,255,Phalaenopsis aphrodite,Orchidaceae,1,18,18,Resequencing and Functional Analysis Revealed That BsDFR4 Could Cause the Formation of Different Flower Colors in Bletilla striata (Orchidaceae),10.3390/ijms26083555,https://openalex.org/W4409335954,unreviewed
A,256,Prunus campanulata,Rosaceae,1,18,18,Integrated Analysis of Metabolomics and Transcriptomics of the Differences in Flower Colors of Hybrid Cherry Blossoms,10.3390/plants15040634,https://openalex.org/W7129639053,unreviewed
A,257,Barkeria whartoniana,Orchidaceae,1,16,16,"Pollination success in three tropical dry forest orchid species from Mexico: insights from floral display, visitation rates, and flower micromorphology",10.17129/botsci.2785,https://openalex.org/W3196739252,unreviewed
A,258,Clowesia dodsoniana,Orchidaceae,1,16,16,"Pollination success in three tropical dry forest orchid species from Mexico: insights from floral display, visitation rates, and flower micromorphology",10.17129/botsci.2785,https://openalex.org/W3196739252,unreviewed
A,259,Cyrtopodium macrobulbon,Orchidaceae,1,16,16,"Pollination success in three tropical dry forest orchid species from Mexico: insights from floral display, visitation rates, and flower micromorphology",10.17129/botsci.2785,https://openalex.org/W3196739252,unreviewed
A,260,Qualea parviflora,Vochysiaceae,1,16,16,Flowering Time Variation in Two Sympatric Tree Species Contributes to Avoid Competition for Pollinator Services,10.3390/plants12193347,https://openalex.org/W4386961316,unreviewed
A,261,Curcuma caulina,Zingiberaceae,2,14,28,"A tale of three morphs I: Variations in nectar, reproductive compatibility, and abundance explain reproductive success of the morphs in a polymorphic ginger from Western Ghats, India",10.1101/2024.09.21.614269,https://openalex.org/W4402799074,unreviewed
A,262,Ionopsis utricularioides,Orchidaceae,2,14,27,A cognitive analysis of deceptive pollination: associative mechanisms underlying pollinators’ choices in non-rewarding colour polymorphic scenarios,10.1038/s41598-020-66356-4,https://openalex.org/W3035443009,unreviewed
A,263,Epimedium pubescens,Berberidaceae,2,14,22,Pollen competition between morphs in a pollen-color dimorphic herb and the loss of phenotypic polymorphism within populations,10.1111/evo.13445,https://openalex.org/W2789602613,unreviewed
A,264,Gossypium barbadense,Malvaceae,1,14,14,Natural variation in Beauty Mark is associated with UV-based geographical adaptation in Gossypium species,10.1186/s12915-023-01591-5,https://openalex.org/W4376643434,unreviewed
A,265,Hexastylis heterophylla,Aristolochiaceae,1,14,14,An elevational cline in leaf variegation: Testing anti‐herbivory and abiotic heterogeneity hypotheses in maintaining a polymorphism,10.1002/ajb2.16411,https://openalex.org/W4402894733,unreviewed
A,266,Lotus japonicus,Fabaceae,1,14,14,A single nucleotide polymorphism affects protein translation and leads to post‐anthesis color change variation in closely related Lotus species,10.1111/tpj.17188,https://openalex.org/W4405061685,unreviewed
A,267,Nicotiana benthamiana,Solanaceae,1,14,14,Natural variation in Beauty Mark is associated with UV-based geographical adaptation in Gossypium species,10.1186/s12915-023-01591-5,https://openalex.org/W4376643434,unreviewed
A,268,Protea repens,Proteaceae,1,14,14,Extrapolating from local ecological processes to genus-wide patterns in colour polymorphism in South African Protea,10.1098/rspb.2015.0583,https://openalex.org/W2090552541,unreviewed
A,269,Quercus laevis,Fagaceae,1,14,14,FINE-SCALE GENETIC STRUCTURE OF A TURKEY OAK FOREST,10.1111/j.1558-5646.1995.tb05963.x,https://openalex.org/W2031874804,unreviewed
A,270,Ursinia calenduliflora,Asteraceae,1,14,14,Floral polymorphism and the fitness implications of attracting pollinating and florivorous insects,10.1093/aob/mct189,https://openalex.org/W2161903288,unreviewed
A,271,Ophrys insectifera,Orchidaceae,2,13,26,"Lier génotypes, phénotypes et valeur sélective pour décrypter les traits et les régions génomiquesimpliquées dans l’adaptation et/ou l’isolement reproductif à travers des zones hybrides",,https://openalex.org/W7152949802,unreviewed
A,272,Pedicularis comosa,Orobanchaceae,2,13,26,"Lier génotypes, phénotypes et valeur sélective pour décrypter les traits et les régions génomiquesimpliquées dans l’adaptation et/ou l’isolement reproductif à travers des zones hybrides",,https://openalex.org/W7152949802,unreviewed
A,290,Petunia axillaris,Solanaceae,3,10,30,Faculty Opinions recommendation of Single gene-mediated shift in pollinator attraction in Petunia.,10.3410/f.1083842.540460,https://openalex.org/W4245606850,unreviewed
A,291,Petunia integrifolia,Solanaceae,3,10,30,Faculty Opinions recommendation of Single gene-mediated shift in pollinator attraction in Petunia.,10.3410/f.1083842.540460,https://openalex.org/W4245606850,unreviewed
B,169,Coffea liberica,Rubiaceae,1,13,13,Genome-wide DNA polymorphisms in two peatland adapted Coffea liberica varieties,10.1186/s12863-025-01305-6,https://openalex.org/W4407572752,unreviewed
B,171,Acer saccharum,Sapindaceae,1,12,12,Spatial genetic structure within three sugar maple (Acer saccharum Marsh.) stands,10.1038/hdy.1991.17,https://openalex.org/W2091418049,unreviewed
B,172,Anemone davidii,Ranunculaceae,1,12,12,Population Structure and Prediction of Potential Suitable Areas of Anemone davidii Franch. (Ranunculaceae) from Southwestern China,10.3390/f17020207,https://openalex.org/W7127612203,unreviewed
B,173,Anemone multifida,Ranunculaceae,1,12,12,Natural Selection and Neutral Evolution Jointly Drive Population Divergence between Alpine and Lowland Ecotypes of the Allopolyploid Plant Anemone multifida (Ranunculaceae),10.1371/journal.pone.0068889,https://openalex.org/W2026854783,unreviewed
B,174,Argyreia mekongensis,Convolvulaceae,1,12,12,Near extinct Argyreia versicolor and rare Argyreia mekongensis are dependent on carpenter bee pollinators,10.1093/aobpla/plae001,https://openalex.org/W4390974280,unreviewed
B,175,Argyreia versicolor,Convolvulaceae,1,12,12,Near extinct Argyreia versicolor and rare Argyreia mekongensis are dependent on carpenter bee pollinators,10.1093/aobpla/plae001,https://openalex.org/W4390974280,unreviewed
B,176,Atherosperma moschatum,Atherospermataceae,1,12,12,The spatial genetic structure in natural populations of the Australian temperate rainforest tree Atherosperma moschatum (Labill.) (Monimiaceae),10.1038/hdy.1995.4,https://openalex.org/W2019239376,unreviewed
B,177,Benincasa hispida,Cucurbitaceae,1,12,12,Metabolomic and Transcriptomic Analyses Reveal Association of Mature Fruit Pericarp Color Variation with Chlorophyll and Flavonoid Biosynthesis in Wax Gourd (Benincasa hispida),10.3390/agronomy12092045,https://openalex.org/W4293415447,unreviewed
B,178,Bulbophyllum occultum,Orchidaceae,1,12,12,Spatial patterns of AFLP diversity in Bulbophyllum occultum (Orchidaceae) indicate long-term refugial isolation in Madagascar and long-distance colonization effects in La Réunion,10.1038/hdy.2016.1,https://openalex.org/W2278649468,unreviewed
B,179,Bupleurum chinense,Apiaceae,1,12,12,"Integrated metabolomics and transcriptomics analysis of roots of Bupleurum chinense and B. scorzonerifolium, two sources of medicinal Chaihu",10.1038/s41598-022-27019-8,https://openalex.org/W4312220125,unreviewed
B,180,Camellia sinensis,Theaceae,1,12,12,Biosynthesis and the Transcriptional Regulation of Terpenoids in Tea Plants (Camellia sinensis),10.3390/ijms24086937,https://openalex.org/W4363677493,unreviewed
B,181,Ceropegia lodarensis,Apocynaceae,1,12,12,Evaluating the Efficacy of Three DNA Barcodes in Identifying the Medicinal Species Ceropegia lodarensis (Lavranos) Bruyns (Apocynaceae),10.21608/ejbo.2023.189298.2235,https://openalex.org/W4385456851,unreviewed
B,182,Chrysanthemum morifolium,Asteraceae,1,12,12,Characterization of in vitro haploid and doubled haploid Chrysanthemum morifolium plants via unfertilized ovule culture for phenotypical traits and DNA methylation pattern,10.3389/fpls.2014.00738,https://openalex.org/W1965817165,unreviewed
B,183,Cryptocarya moschata,Lauraceae,1,12,12,Estrutura genética intrapopulacional em Cryptocarya moschata Nees (Lauraceae),10.1590/s0100-84042004000300008,https://openalex.org/W2106664753,unreviewed
B,184,Cunninghamia lanceolata,Cupressaceae,1,12,12,Profiling of Widely Targeted Metabolomics for the Identification of Secondary Metabolites in Heartwood and Sapwood of the Red-Heart Chinese Fir (Cunninghamia Lanceolata),10.3390/f11080897,https://openalex.org/W3064052193,unreviewed
B,185,Delphinium occidentale,Ranunculaceae,1,12,12,Pollination Ecology and Breeding System of Delphinium Occidentale,10.13001/uwnpsrc.1993.3155,https://openalex.org/W814389185,unreviewed
B,186,Dendrobium nobile,Orchidaceae,1,12,12,Transcriptome and metabolome analysis reveals the effect of flavonoids on flower color variation in Dendrobium nobile Lindl.,10.3389/fpls.2023.1220507,https://openalex.org/W4386086422,unreviewed
B,187,Diospyros celebica,Ebenaceae,1,12,12,"Phenotypic and Estimated Genetic Variability in Endemic Diospyros celebica Bakh. and Widely-spread D. blancoi A.Dc. Cultivated at Purwodadi Botanic Garden, Indonesia",10.4308/hjb.31.4.781-792,https://openalex.org/W4393947745,unreviewed
B,188,Drosera citrina,Droseraceae,1,12,12,When three become two: Drosera coalara links Drosera citrina with Drosera nivea,10.55360/cpn491.tk924,https://openalex.org/W3034073342,unreviewed
B,189,Drosera coalara,Droseraceae,1,12,12,When three become two: Drosera coalara links Drosera citrina with Drosera nivea,10.55360/cpn491.tk924,https://openalex.org/W3034073342,unreviewed
B,190,Epidendrum ibaguense,Orchidaceae,1,12,12,"Research Article Chromosome variations and diversity of Epidendrum ibaguense Lindl. (Orchidaceae) on the Tepequém's Tepuy, Roraima, Brazil.",10.4238/gmr16039754,https://openalex.org/W2760229352,unreviewed
B,191,Erythronium dens-canis,Liliaceae,1,12,12,The white flowering dog's-tooth-violet ( Erythronium dens-canis L.) on Požeška Gora,10.46232/glashbod.13.2.3,https://openalex.org/W7125580814,unreviewed
B,192,Gleditsia triacanthos,Fabaceae,1,12,12,"Comparative genetic structure of two co-occurring tree species, Maclura pomifera (Moraceae) and Gleditsia triacanthos (Leguminosae)",10.1038/hdy.1991.99,https://openalex.org/W2060520514,unreviewed
B,193,Heliamphora tatei,Sarraceniaceae,1,12,12,Recruitment of Sugar Transport and Scent Volatile Genes for Prey Attraction in the Nectar Spoon of Heliamphora tatei,10.1111/ede.70009,https://openalex.org/W4410705724,unreviewed
B,194,Hesperantha coccinea,Iridaceae,1,12,12,"Pollinator-driven divergence among populations of a self-fertilizing lily, Hesperantha coccinea (Iridaceae).",,https://openalex.org/W3176877967,unreviewed
B,195,Hibiscus mutabilis,Malvaceae,1,12,12,"A High-Quality, Chromosome-Level Genome Provides Insights Into Determinate Flowering Time and Color of Cotton Rose (Hibiscus mutabilis)",10.3389/fpls.2022.818206,https://openalex.org/W4212871416,unreviewed
B,196,Impatiens balfourii,Balsaminaceae,1,12,12,The ability of seeds to float with water currents contributes to the invasion success of Impatiens balfourii and I. glandulifera,10.1007/s10265-020-01212-0,https://openalex.org/W3040342042,unreviewed
B,197,Impatiens noli,Balsaminaceae,1,12,12,"Demonstration of pollinator‐mediated competition between two native Impatiens species, Impatiens noli‐tangere and I. textori (Balsaminaceae)",10.1002/ece3.1431,https://openalex.org/W1972754098,unreviewed
B,198,Impatiens noli-tangere,Balsaminaceae,1,12,12,"Demonstration of pollinator-mediated competition between two native Impatiens species, Impatiens noli-tangere and I. textori (Balsaminaceae)",,https://openalex.org/W7075680009,unreviewed
B,199,Impatiens pallida,Balsaminaceae,1,12,12,Spatial autocorrelation of genotypes in populations of Impatiens pallida and Impatiens capensis,10.1038/hdy.1989.90,https://openalex.org/W2030805890,unreviewed
B,200,Ipomoea asarifolia,Convolvulaceae,1,12,12,Ecologia da polinização de Ipomoea asarifolia (Ders.) Roem. & Schult. (Convolvulaceae) na região semi-árida de Pernambuco,10.1590/s0102-33062003000300003,https://openalex.org/W2033326417,unreviewed
B,201,Lathyrus odoratus,Fabaceae,1,12,12,The molecular basis for an ancient colour mutant in sweet pea ( Lathyrus odoratus ),10.1139/cjps-2017-0238,https://openalex.org/W2765624042,unreviewed
B,202,Lathyrus sylvestris,Fabaceae,1,12,12,THE EVOLVING GENETIC HISTORY OF A POPULATION OF LATHYRUS SYLVESTRIS : EVIDENCE FROM TEMPORAL AND SPATIAL GENETIC STRUCTURE,10.1111/j.1558-5646.1996.tb03567.x,https://openalex.org/W2319956756,unreviewed
B,203,Lotus corniculatus,Fabaceae,1,12,12,"Variation in the colour of the keel petals in Lotus corniculatus L. 3. Pollination, herbivory and seed production",10.1038/hdy.1986.93,https://openalex.org/W1993223755,unreviewed
B,204,Macadamia integrifolia,Proteaceae,1,12,12,Comprehensive Transcriptome and Metabolome Analysis Reveals the Potential Mechanism Influencing Flower Color Formation in Macadamia integrifolia,10.3390/horticulturae11111347,https://openalex.org/W4416066215,unreviewed
B,205,Maclura pomifera,Moraceae,1,12,12,"Comparative genetic structure of two co-occurring tree species, Maclura pomifera (Moraceae) and Gleditsia triacanthos (Leguminosae)",10.1038/hdy.1991.99,https://openalex.org/W2060520514,unreviewed
B,206,Metrosideros bartlettii,Myrtaceae,1,12,12,"Cross-pollination and pollen storage to assist conservation of Metrosideros bartlettii (Myrtaceae), a critically endangered tree from Aotearoa New Zealand",10.1071/pc21054,https://openalex.org/W4214645924,unreviewed
